,ligand_A,ligand_B,ddg_expt,ddg,ddg_err,dg_water_rep1,dg_water_rep1_err,dg_water_rep2,dg_water_rep2_err,dg_water_rep3,dg_water_rep3_err,dg_protein_rep1,dg_protein_rep1_err,dg_protein_rep2,dg_protein_rep2_err,dg_protein_rep3,dg_protein_rep3_err,target,group
0,CAT-13a,CAT-13m,0.0800008773803711,-0.4318036966220671,0.14080891802753673,-316.86,0.32,-316.53,0.27,-317.16,0.27,-318.2,0.74,-319.54,0.56,-318.23,0.77,bace,jacs_set
1,CAT-13n,CAT-13a,-0.3000001907348633,-1.4706819630337733,0.434921223450666,373.2,0.38,372.94,0.35,372.34,0.33,370.57,0.73,363.33,0.76,366.12,1.0,bace,jacs_set
2,CAT-13a,CAT-17g,-0.8999996185302733,0.23661567877628936,0.39816343830812523,91.12,0.26,91.05,0.28,90.89,0.25,90.4,0.6,89.69,0.71,95.94,0.52,bace,jacs_set
3,CAT-13a,CAT-17i,-0.6299991607666016,-0.7106437221159981,0.43659792621815546,23.0,0.26,22.94,0.27,23.28,0.27,15.85,0.57,21.24,0.39,23.21,0.48,bace,jacs_set
4,CAT-13d,CAT-13b,1.3499994277954102,1.6642766093052894,0.19154899251794277,-54.31,0.31,-53.48,0.42,-55.4,0.3,-46.57,0.41,-46.88,0.41,-48.85,0.46,bace,jacs_set
5,CAT-13b,CAT-17g,-0.619999885559082,-0.8070427023581861,0.36488342263687407,83.68,0.32,82.59,0.28,82.69,0.36,76.76,0.53,82.9,0.51,79.17,0.53,bace,jacs_set
6,CAT-17g,CAT-13c,0.4200000762939453,1.4802421924792866,0.6217629197616908,-54.53,0.44,-53.87,0.35,-54.38,0.38,-43.5,0.59,-54.08,0.8,-46.62,0.61,bace,jacs_set
7,CAT-13c,CAT-17i,-0.1499996185302734,-1.140854047163799,0.7358717537076346,-13.52,0.46,-13.31,0.39,-13.42,0.33,-22.58,0.69,-21.01,2.09,-10.98,0.51,bace,jacs_set
8,CAT-13d,CAT-13f,1.3799991607666016,1.7264181007010841,0.18079412069180364,-28.65,0.24,-28.7,0.36,-27.95,0.34,-19.55,0.38,-22.02,0.28,-22.06,0.47,bace,jacs_set
9,CAT-13d,CAT-13h,0.8399991989135742,0.9400892288081585,0.44093734177005217,4.09,0.21,4.58,0.24,4.5,0.29,5.33,0.54,12.66,0.45,6.98,0.4,bace,jacs_set
10,CAT-13d,CAT-13i,1.1999998092651367,0.5704270235818989,0.2553175129273895,-11.53,0.36,-10.94,0.37,-10.04,0.43,-6.34,0.55,-10.19,0.6,-8.82,0.62,bace,jacs_set
11,CAT-13d,CAT-17a,-0.2600002288818359,-0.5847673677501589,0.06709228130226075,-11.74,0.18,-11.53,0.19,-11.99,0.17,-14.55,0.31,-13.85,0.31,-14.2,0.26,bace,jacs_set
12,CAT-17b,CAT-13d,-0.44999980926513666,-0.13862332695984833,0.09718835532440048,32.45,0.2,32.35,0.18,31.67,0.19,31.12,0.48,32.06,0.42,31.55,0.4,bace,jacs_set
13,CAT-13d,CAT-17d,1.0499992370605469,1.3814531548757172,0.4455285323528477,-61.84,0.22,-61.3,0.23,-61.66,0.22,-53.45,0.5,-60.29,0.69,-53.72,0.39,bace,jacs_set
14,CAT-13d,CAT-17h,0.1399993896484375,0.4509241555130652,0.06992813231414484,-12.43,0.21,-12.09,0.2,-12.37,0.18,-10.35,0.21,-10.0,0.29,-10.88,0.23,bace,jacs_set
15,CAT-13e,CAT-17g,0.2200002670288086,1.7184512428298273,0.894024714265435,45.59,0.3,45.38,0.52,52.34,0.35,57.22,0.39,47.33,1.09,60.33,0.34,bace,jacs_set
16,CAT-13e,CAT-17i,0.4900007247924804,1.4666985340981515,0.5044639177824598,-15.39,0.82,-10.59,0.34,-16.95,0.3,-6.41,0.38,-11.51,0.58,-6.6,0.37,bace,jacs_set
17,CAT-17i,CAT-13f,0.3799991607666015,0.5377629063097514,0.09125675075977485,10.4,0.31,10.81,0.36,10.51,0.31,13.03,0.4,12.6,0.57,12.84,0.56,bace,jacs_set
18,CAT-13g,CAT-17g,-0.6499996185302734,0.1896112173358835,0.3635805386666481,51.91,0.32,51.32,0.35,49.52,0.37,50.52,0.69,49.69,0.8,54.92,0.85,bace,jacs_set
19,CAT-13g,CAT-17i,-0.3799991607666015,-0.8859145952836202,0.36387958265476383,-16.54,0.4,-15.85,0.28,-16.82,0.31,-20.07,0.74,-17.14,1.04,-23.12,0.78,bace,jacs_set
20,CAT-13h,CAT-17i,0.1600008010864257,-0.6485022307202051,0.543684242806616,-43.39,0.27,-42.02,0.24,-43.31,0.27,-50.95,0.66,-43.7,0.47,-42.21,0.41,bace,jacs_set
21,CAT-17g,CAT-13i,0.4700002670288086,0.5433397068196321,0.14447602403733628,-39.68,0.37,-40.02,0.31,-40.08,0.35,-37.4,0.79,-37.37,1.08,-38.19,0.77,bace,jacs_set
22,CAT-4m,CAT-13j,0.4200000762939453,-0.028680688336521154,0.1550024100154791,-101.91,0.3,-101.85,0.4,-102.16,0.32,-100.99,0.44,-103.34,0.42,-101.95,0.47,bace,jacs_set
23,CAT-13j,CAT-4o,-0.6500005722045898,-0.12507966857871428,0.130073233045718,167.78,0.36,167.23,0.28,167.3,0.43,167.69,0.36,167.14,0.38,165.91,0.47,bace,jacs_set
24,CAT-13n,CAT-13k,-1.1599998474121094,-0.5855640535372821,0.19231189704500032,349.05,0.24,349.4,0.29,349.34,0.26,346.61,0.46,348.5,0.39,345.33,0.4,bace,jacs_set
25,CAT-4a,CAT-13k,-1.7699999809265137,-0.03824091778202935,0.3165934534032906,-101.58,0.22,-101.18,0.25,-100.71,0.28,-101.25,0.5,-98.78,0.65,-103.92,0.91,bace,jacs_set
26,CAT-13k,CAT-4b,0.0699996948242187,-1.6666666666666674,0.3605300259972363,67.21,0.3,67.23,0.25,67.64,0.24,59.73,0.68,57.68,0.45,63.75,0.68,bace,jacs_set
27,CAT-13k,CAT-4d,0.5900001525878906,-1.3942001274697264,0.4718599758160317,56.06,0.36,56.56,0.3,56.33,0.34,46.39,0.67,50.52,0.81,54.54,0.84,bace,jacs_set
28,CAT-4l,CAT-13k,-0.3599996566772461,-0.6978967495219923,0.4916644462000955,-339.54,0.26,-339.51,0.3,-339.66,0.32,-339.01,0.72,-347.16,0.98,-341.3,0.64,bace,jacs_set
29,CAT-4m,CAT-13k,-0.5500001907348633,0.8835245379222413,0.5732155589910662,-69.77,0.26,-70.24,0.23,-69.95,0.24,-71.36,0.44,-66.26,0.5,-61.25,0.48,bace,jacs_set
30,CAT-4n,CAT-13k,-0.6099996566772461,0.7743785850860425,0.17101211098862723,-37.04,0.26,-37.28,0.23,-37.31,0.27,-35.4,0.49,-33.8,0.41,-32.71,0.49,bace,jacs_set
31,CAT-4p,CAT-13k,0.3800001144409179,1.1543977055449326,0.22949467424808656,-96.52,0.23,-96.64,0.26,-96.73,0.25,-93.39,0.51,-92.31,0.67,-89.7,0.45,bace,jacs_set
32,CAT-4i,CAT-13m,-0.5,-1.0524219247928555,0.3801041723546261,-320.42,0.3,-319.71,0.22,-320.28,0.21,-324.63,0.46,-327.68,0.85,-321.31,0.94,bace,jacs_set
33,CAT-4m,CAT-13m,0.3900003433227539,-0.18642447418740113,0.333126082181551,-362.12,0.23,-362.47,0.25,-362.53,0.17,-361.14,0.4,-366.47,0.43,-361.85,0.42,bace,jacs_set
34,CAT-13n,CAT-4i,0.2800006866455078,0.5768005098789091,0.1252693130532969,384.29,0.27,384.69,0.24,384.06,0.21,387.05,0.89,387.17,0.47,386.06,0.52,bace,jacs_set
35,CAT-13o,CAT-17h,-1.7899999618530271,-2.6274697259400908,0.29729138810946115,107.52,0.39,106.41,0.41,107.17,0.43,94.8,0.68,94.52,0.8,98.8,0.7,bace,jacs_set
36,CAT-13o,CAT-17i,-0.9299993515014648,-2.1430847673677538,0.32802057415568464,86.42,0.43,86.01,0.38,86.32,0.42,80.26,1.13,76.32,0.75,75.27,0.63,bace,jacs_set
37,CAT-17i,CAT-17a,-1.260000228881836,-0.9345124282982792,0.0936548677978304,27.21,0.21,26.96,0.22,27.02,0.22,23.7,0.35,22.4,0.31,23.36,0.28,bace,jacs_set
38,CAT-17b,CAT-17e,0.0,-0.17606755895474774,0.0697009222428368,80.86,0.18,79.96,0.16,80.09,0.21,79.5,0.22,79.75,0.22,79.45,0.22,bace,jacs_set
39,CAT-17c,CAT-17e,-0.1599998474121093,0.6660293180369667,0.2558028779629463,41.38,0.24,42.06,0.26,41.72,0.24,45.74,0.47,42.02,0.44,45.76,0.5,bace,jacs_set
40,CAT-17g,CAT-17c,-0.11999988555908199,-1.4993626513702996,0.5452287795367757,-17.86,0.19,-18.26,0.18,-18.31,0.19,-29.63,0.25,-20.22,0.43,-23.4,0.65,bace,jacs_set
41,CAT-17g,CAT-17d,0.3199996948242187,0.43180369662205004,0.07667938017877923,-91.83,0.19,-91.87,0.15,-91.71,0.19,-89.96,0.27,-89.47,0.28,-90.56,0.26,bace,jacs_set
42,CAT-17f,CAT-17e,-0.5999994277954102,-0.3919694072657745,0.21761832769917472,111.47,0.23,112.13,0.21,111.92,0.23,108.14,0.36,111.07,0.45,111.39,0.49,bace,jacs_set
43,CAT-24,CAT-17e,1.327000617980957,1.7439451880178458,0.26952746358051605,74.5,0.21,73.3,0.24,72.95,0.24,79.87,0.42,79.45,0.74,83.32,0.48,bace,jacs_set
44,CAT-17g,CAT-17f,0.3199996948242187,-1.1790949649458193,0.23510141675740262,-87.76,0.2,-87.45,0.21,-87.39,0.19,-90.22,0.3,-92.98,0.34,-94.2,0.24,bace,jacs_set
45,CAT-24,CAT-17i,1.87700080871582,3.085564053537285,0.5172050515169397,-14.1,0.28,-13.68,0.27,-13.95,0.27,4.24,0.31,-3.84,0.54,-3.4,0.49,bace,jacs_set
46,CAT-4a,CAT-4o,-1.450000286102295,-0.5783938814531553,0.19381147312170663,28.64,0.17,28.25,0.21,28.44,0.25,25.27,0.26,27.92,0.26,24.88,0.28,bace,jacs_set
47,CAT-4o,CAT-4b,-0.25,-1.4698852772466586,0.22962976056544282,-67.69,0.24,-68.6,0.24,-68.16,0.24,-76.31,0.45,-73.79,0.68,-72.8,0.73,bace,jacs_set
48,CAT-4m,CAT-4c,1.299999713897705,0.02310388782664094,0.18036330671013737,-7.73,0.32,-8.36,0.25,-7.99,0.29,-9.32,0.62,-6.95,0.95,-7.52,0.59,bace,jacs_set
49,CAT-4c,CAT-4o,-1.5300002098083496,-1.2260994263862355,0.23341896959359645,70.37,0.2,70.89,0.22,71.31,0.26,65.88,0.59,67.51,0.48,63.79,0.74,bace,jacs_set
50,CAT-4o,CAT-4d,0.2700004577636719,0.5106755895474799,0.709309993530937,-79.01,0.32,-79.63,0.29,-79.52,0.3,-84.43,0.67,-73.36,0.61,-73.96,1.0,bace,jacs_set
51,CAT-4m,CAT-4j,0.1300001144409179,1.3129381771829196,0.27115788574465777,-29.06,0.17,-28.8,0.21,-29.12,0.19,-26.2,0.38,-21.96,0.37,-22.34,0.31,bace,jacs_set
52,CAT-4j,CAT-4o,-0.3600006103515625,-0.5305927342256177,0.18368792543377496,90.83,0.18,91.19,0.2,90.66,0.17,88.47,0.29,87.24,0.3,90.31,0.33,bace,jacs_set
53,CAT-4m,CAT-4k,1.299999713897705,1.443594646271512,0.5653796178911248,-84.38,0.21,-84.1,0.22,-84.02,0.23,-73.92,0.47,-76.88,0.68,-83.58,0.51,bace,jacs_set
54,CAT-4k,CAT-4o,-1.5300002098083496,-1.2085723390694723,0.21159686149723408,145.68,0.23,145.92,0.19,145.69,0.21,142.48,0.29,140.73,0.47,138.91,0.34,bace,jacs_set
55,CAT-4m,CAT-4l,-0.1900005340576172,1.607711918419367,0.765308004903169,272.24,0.26,272.15,0.25,272.34,0.28,284.69,0.67,280.65,0.64,271.57,0.62,bace,jacs_set
56,CAT-4m,CAT-4n,0.05999946594238279,-0.3656787762906312,0.18090634154033017,-30.65,0.21,-30.78,0.17,-30.92,0.18,-33.31,0.31,-30.55,0.3,-33.08,0.42,bace,jacs_set
57,CAT-4m,CAT-4p,-0.9300003051757812,-0.5250159337157414,0.06581570535150619,26.31,0.17,26.56,0.2,26.84,0.17,24.75,0.24,24.04,0.25,24.33,0.26,bace,jacs_set
58,17,1h1q,-1.140000343322754,0.845283620140217,0.09348520580314464,6.68,0.3,6.42,0.29,6.08,0.22,9.65,0.24,9.48,0.25,10.66,0.2,cdk2,jacs_set
59,17,21,-0.7899999618530273,-0.9050350541746323,0.22089458044707552,-70.51,0.27,-69.89,0.33,-73.25,0.26,-75.6,0.29,-74.32,0.32,-75.09,0.25,cdk2,jacs_set
60,17,22,-0.820000171661377,-0.09241555130656554,0.2663104767355519,-30.44,0.26,-30.08,0.29,-30.03,0.31,-29.72,0.37,-33.17,0.38,-28.82,0.28,cdk2,jacs_set
61,1oiu,1h1q,0.8999996185302733,3.561982154238362,0.2998046306193774,557.85,0.66,559.33,0.64,560.06,0.64,572.37,1.34,573.62,1.16,575.96,0.87,cdk2,jacs_set
62,1oiy,1h1q,1.609999656677246,2.728648820905032,0.30087131316900667,217.97,0.32,218.75,0.29,218.41,0.34,226.88,0.56,231.18,0.65,231.32,0.53,cdk2,jacs_set
63,20,1h1q,0.5399999618530273,0.6429254302103249,0.4273120308167513,14.0,0.29,14.13,0.31,13.7,0.34,20.53,1.1,15.83,0.84,13.54,0.86,cdk2,jacs_set
64,26,1h1q,0.25,1.2762906309751436,0.2588731143011391,-10.05,0.27,-9.73,0.24,-10.24,0.3,-7.13,0.4,-3.99,0.33,-2.88,0.3,cdk2,jacs_set
65,1h1r,1oi9,-2.0699996948242188,-1.538400254939452,0.17724004930255732,-42.17,0.32,-42.42,0.25,-42.57,0.29,-47.49,0.52,-50.19,0.54,-48.79,0.58,cdk2,jacs_set
66,1h1r,21,-0.1599998474121093,-0.5568833652007644,0.20622737771237856,-55.39,0.28,-53.05,0.26,-55.33,0.27,-58.15,0.26,-56.73,0.29,-55.88,0.31,cdk2,jacs_set
67,22,1h1r,0.1900000572204589,-0.11073932441045284,0.18463526900854138,12.3,0.27,12.74,0.27,12.57,0.26,10.31,0.32,13.02,0.42,12.89,0.31,cdk2,jacs_set
68,1h1s,1oiy,1.4600000381469729,0.42622689611217973,0.31416041709887615,505.82,0.46,505.73,0.48,506.58,0.45,509.5,0.92,508.64,1.5,505.34,1.34,cdk2,jacs_set
69,1h1s,26,2.8199996948242188,2.8266411727214615,0.3937305306991314,717.46,0.53,716.75,0.5,717.77,0.59,727.08,1.53,727.96,1.52,732.42,1.21,cdk2,jacs_set
70,1oiy,1oi9,0.05000019073486319,0.13942001274696805,0.1595410112993098,154.49,0.63,153.6,0.47,153.76,0.4,154.02,0.7,154.15,0.74,155.43,0.71,cdk2,jacs_set
71,1oi9,20,1.0199995040893557,1.595761631612491,0.36688981585141633,50.34,0.35,49.66,0.35,50.16,0.41,55.37,0.6,54.61,0.62,60.21,0.95,cdk2,jacs_set
72,26,1oi9,-1.3099994659423828,-1.7152644996813247,0.7560603570949916,-74.44,0.33,-74.33,0.33,-74.59,0.37,-84.69,0.73,-86.2,1.08,-74.0,0.43,cdk2,jacs_set
73,1oiu,26,0.6499996185302734,2.5135436583811575,0.331001070013108,567.56,0.72,569.53,0.54,569.07,0.63,580.73,1.9,577.08,1.09,579.9,1.36,cdk2,jacs_set
74,1oiy,29,-0.0900001525878906,-0.06851497769280356,0.19768940201621096,-154.77,0.4,-154.45,0.41,-154.37,0.52,-154.08,0.65,-154.75,1.18,-155.62,1.62,cdk2,jacs_set
75,1oiy,31,0.25,0.6939133205863648,0.3488603401210334,96.15,0.33,95.74,0.33,94.9,0.34,98.68,0.88,101.25,0.82,95.57,0.66,cdk2,jacs_set
76,1oiy,32,0.039999961853027295,-0.23980242192476495,0.8688528633344178,-716.4,0.79,-708.97,1.11,-718.22,0.84,-719.06,2.98,-717.9,1.7,-709.64,1.37,cdk2,jacs_set
77,28,26,2.679999351501465,3.2265774378584813,0.459609813843344,535.43,0.48,535.9,0.55,536.78,0.52,550.9,1.89,551.8,0.97,545.91,2.39,cdk2,jacs_set
78,29,26,1.4499998092651367,0.825366475462088,0.5425391059019933,350.91,0.5,351.64,0.58,351.09,0.58,352.51,2.55,352.16,2.13,359.33,1.52,cdk2,jacs_set
79,30,26,1.380000114440918,0.5417463352453892,0.5082840945895872,369.97,0.4,369.31,0.45,370.55,0.3,375.17,0.82,374.27,0.69,367.19,0.69,cdk2,jacs_set
80,28,31,1.5699996948242188,2.250637348629678,0.33039517731686857,385.66,0.5,385.51,0.38,385.18,0.44,394.03,1.79,397.52,1.2,393.05,1.02,cdk2,jacs_set
81,30,31,0.2700004577636719,0.720203951561508,0.13468853455022478,219.96,0.34,219.88,0.3,219.43,0.28,222.96,0.43,223.62,0.43,221.73,0.45,cdk2,jacs_set
82,31,32,-0.2100000381469726,-0.9496494582536705,0.6984327783755245,-794.9,0.68,-797.25,0.59,-796.9,0.58,-800.27,1.15,-806.21,1.02,-794.49,1.32,cdk2,jacs_set
83,18627-1,17124-1,-1.2000007629394531,-4.259082217973231,0.6228901152613128,-18.94,0.38,-10.19,1.66,-9.68,0.77,-31.64,1.06,-30.52,0.91,-30.11,0.56,jnk1,jacs_set
84,17124-1,18634-1,-0.3099994659423828,0.7305608667941362,0.14182735487822354,-1.63,0.37,-2.48,0.47,-1.66,0.45,2.01,0.28,0.11,0.3,1.28,0.28,jnk1,jacs_set
85,18627-1,18624-1,-0.0100002288818359,0.583970681963035,0.16081172664667642,31.18,0.37,31.56,0.35,30.94,0.33,34.87,0.36,32.34,0.31,33.8,0.32,jnk1,jacs_set
86,18629-1,18624-1,0.1800003051757812,0.4485340981516885,0.08078789547724231,38.83,0.31,38.86,0.38,38.91,0.38,41.23,0.24,40.51,0.32,40.49,0.32,jnk1,jacs_set
87,18630-1,18624-1,0.6500005722045898,0.3768323773103891,0.08828951758741219,35.55,0.3,35.68,0.34,35.99,0.39,36.89,0.31,37.26,0.33,37.8,0.35,jnk1,jacs_set
88,18636-1,18624-1,-0.9799995422363281,1.420490758444869,0.11968239471633269,26.82,0.38,27.6,0.35,27.36,0.37,33.76,0.41,32.43,0.51,33.42,0.43,jnk1,jacs_set
89,18628-1_flip,18625-1,0.5900001525878906,-0.41347992351816437,0.07009199952972323,3.61,0.34,3.5,0.35,3.87,0.33,2.23,0.24,1.83,0.29,1.73,0.28,jnk1,jacs_set
90,18629-1,18625-1,0.5600004196166991,0.452517527087317,0.2770666109139352,18.81,0.36,18.81,0.39,18.33,0.35,19.67,0.45,23.19,0.48,18.77,0.41,jnk1,jacs_set
91,18626-1,18629-1,0.1999998092651367,0.352931803696622,0.11757269781353412,-10.2,0.36,-10.52,0.31,-11.37,0.35,-8.95,0.34,-9.92,0.32,-8.79,0.32,jnk1,jacs_set
92,18626-1,18632-1,-0.2100000381469726,-0.08205863607393253,0.11916403415407434,-36.98,0.36,-37.46,0.37,-38.19,0.37,-38.16,0.68,-37.38,0.37,-38.12,0.4,jnk1,jacs_set
93,18635-1,18626-1,-1.579999923706055,-0.2947737412364566,0.12626353812549163,-12.06,0.34,-12.78,0.37,-12.05,0.33,-12.9,0.38,-13.27,0.46,-14.42,0.48,jnk1,jacs_set
94,18627-1,18630-1,-0.6600008010864258,0.10356915232632254,0.14200155507057485,-9.63,0.28,-9.29,0.36,-8.6,0.36,-8.4,0.37,-7.98,0.32,-9.84,0.4,jnk1,jacs_set
95,18627-1,18633-1,-0.6900005340576172,-0.4357871255576802,0.14848426356496244,-9.38,0.38,-10.0,0.34,-9.57,0.32,-12.63,0.5,-10.49,0.35,-11.3,0.36,jnk1,jacs_set
96,18628-1_flip,18631-1,-0.7100000381469727,-1.9510834926704907,0.7310458770606993,-1.28,0.66,2.78,0.54,2.4,0.64,-0.0,0.53,-9.47,0.51,-11.12,0.71,jnk1,jacs_set
97,18629-1,18635-1,1.380000114440918,0.5895474824729132,0.26820430917072796,23.23,0.36,23.91,0.33,23.69,0.33,23.79,0.4,28.38,0.41,26.06,0.39,jnk1,jacs_set
98,18630-1,18633-1,-0.029999732971191396,-0.25573613766730413,0.1293586846150464,-0.53,0.3,-0.23,0.32,-0.35,0.3,-2.63,0.22,-0.96,0.25,-0.73,0.23,jnk1,jacs_set
99,18634-1,18631-1,0.5799999237060547,1.0874760994263855,0.13918260507054206,21.65,0.42,21.69,0.41,22.84,0.45,27.07,0.27,27.06,0.28,25.7,0.36,jnk1,jacs_set
100,18659-1,18631-1,0.060000419616699184,1.1352772466539196,0.37079929474112633,-15.71,0.51,-15.99,0.45,-16.11,0.48,-8.42,0.82,-14.55,0.62,-10.59,0.57,jnk1,jacs_set
101,18632-1,18633-1,-0.0900001525878906,0.1465901848311026,0.21691636844033318,28.28,0.4,28.29,0.37,29.76,0.5,27.75,0.56,29.76,0.57,30.66,0.57,jnk1,jacs_set
102,18634-1,18635-1,2.6999998092651367,3.2504780114722753,0.3577814123901814,39.58,0.39,34.65,0.85,38.35,0.51,52.77,0.4,51.03,0.37,49.58,0.42,jnk1,jacs_set
103,18634-1,18636-1,2.479999542236328,0.05258126195028652,0.8930756739936173,33.49,0.58,42.12,0.41,42.6,0.46,46.39,0.44,37.22,0.66,35.26,0.7,jnk1,jacs_set
104,18634-1,18637-1,-0.1500005722045898,-0.7186105799872515,0.13064257733503845,-217.74,0.58,-218.17,0.55,-218.63,0.69,-220.91,0.42,-221.61,0.66,-221.04,0.51,jnk1,jacs_set
105,18638-1,18634-1,0.1000003814697265,0.18562778840026273,0.215593920979446,318.62,0.71,320.19,0.88,318.27,0.62,319.04,0.92,320.67,0.84,319.7,0.89,jnk1,jacs_set
106,18634-1,18658-1,0.2899999618530273,0.14579349904397693,0.20623685048172066,28.62,0.37,28.05,0.44,29.11,0.42,28.14,0.5,31.02,0.37,28.45,0.52,jnk1,jacs_set
107,18636-1,18658-1,-2.189999580383301,-1.5782345442957297,0.4053429334419409,-12.7,0.43,-12.65,0.45,-12.44,0.6,-15.28,0.86,-21.4,0.59,-20.92,0.73,jnk1,jacs_set
108,18638-1,18637-1,-0.05000019073486319,0.11153601019757851,0.310976836675891,102.5,1.07,100.98,0.96,102.96,0.73,103.65,0.95,101.17,2.14,103.02,1.31,jnk1,jacs_set
109,18639-1,18637-1,-0.4000005722045898,0.3433715742511223,0.21601180759104577,-254.59,0.61,-256.98,0.55,-253.97,0.61,-253.16,0.5,-254.47,0.4,-253.6,0.31,jnk1,jacs_set
110,18638-1,18639-1,0.35000038146972645,-1.040471637985983,0.3958195506990556,391.44,0.53,388.53,0.49,392.39,0.57,387.41,0.68,388.55,0.53,383.34,0.41,jnk1,jacs_set
111,18638-1,18652-1,-0.5900001525878906,-0.31867431485022363,0.2834794164057114,-51.78,0.62,-51.07,0.5,-52.4,0.49,-55.36,0.38,-50.83,0.42,-53.06,0.57,jnk1,jacs_set
112,18638-1,18660-1,1.390000343322754,-0.8078393881453144,0.4469261768581463,-141.14,1.03,-142.93,0.73,-138.66,0.95,-146.78,1.45,-142.45,0.78,-143.64,2.61,jnk1,jacs_set
113,18652-1,18658-1,0.9800004959106443,1.2659337157425146,0.3863632373392808,401.39,0.86,398.96,0.95,399.78,0.93,405.44,1.2,407.9,0.87,402.68,1.4,jnk1,jacs_set
114,18659-1,18658-1,-0.2299995422363281,0.04142766093052868,0.1880971135509177,-9.14,0.44,-10.07,0.55,-9.59,0.45,-8.06,0.56,-9.97,0.83,-10.25,0.79,jnk1,jacs_set
115,18659-1,18660-1,0.7700004577636719,-0.24219247928616663,0.21025551023071706,-515.84,0.75,-516.52,0.84,-515.77,0.64,-517.73,0.91,-517.84,0.62,-515.6,0.86,jnk1,jacs_set
116,36,23,-0.6499996185302734,0.2836201402166987,0.1684007950547819,36.65,0.64,37.83,0.56,36.74,0.5,38.12,0.74,38.15,0.57,38.51,1.32,mcl1,jacs_set
117,40-flip,23,-1.579999923706055,-0.007966857871255114,1.071894815003315,57.81,0.78,58.35,0.97,57.72,0.73,52.07,2.39,53.26,1.44,68.45,1.59,mcl1,jacs_set
118,23,44,0.1599998474121093,0.1242829827915869,0.2690416790650425,8.15,0.38,7.56,0.42,8.02,0.35,10.47,0.62,6.05,0.56,8.77,0.46,mcl1,jacs_set
119,51,23,-0.3800001144409179,-0.8875079668578717,0.31235666089454006,-24.75,0.34,-25.19,0.31,-24.83,0.27,-28.45,0.43,-31.23,0.52,-26.23,1.5,mcl1,jacs_set
120,56,23,0.43000030517578114,0.6994901210962403,0.2570834893963806,54.1,0.45,53.45,0.46,55.94,0.49,59.09,0.77,56.06,0.81,57.12,0.68,mcl1,jacs_set
121,26,30-flip,0.3899998664855957,-0.10834926704907918,0.36818619490767057,-192.11,0.53,-190.49,0.57,-191.69,0.49,-192.92,1.8,-193.14,2.39,-189.59,1.29,mcl1,jacs_set
122,26,32,1.6599998474121094,0.06851497769278998,0.9355886727327385,-175.95,0.4,-174.48,0.38,-176.43,0.45,-178.76,1.23,-166.18,0.68,-181.06,1.91,mcl1,jacs_set
123,48-flip,26,-1.579999923706055,-4.25908221797323,0.6618614796382172,186.0,0.67,186.68,0.73,184.71,0.78,166.84,0.67,174.06,1.05,163.03,0.68,mcl1,jacs_set
124,29,27,0.820000171661377,-1.8658381134480557,0.8807299399708187,8.88,0.39,9.87,0.59,9.7,0.39,8.93,1.4,2.35,1.08,-6.25,1.27,mcl1,jacs_set
125,27,32,-0.46000003814697255,0.293180369662206,0.14539940470395282,-13.34,0.35,-12.22,0.36,-11.88,0.31,-11.09,0.97,-11.3,0.46,-11.37,0.75,mcl1,jacs_set
126,27,39,-0.9100003242492677,0.6293817718291904,0.30214935409197863,28.78,0.59,28.28,0.59,27.65,0.58,31.12,1.82,29.06,1.81,32.43,0.99,mcl1,jacs_set
127,47-flip,27,-0.3399996757507324,-1.5121096239643088,0.3568600238918946,39.31,0.39,40.54,0.46,40.39,0.45,30.58,1.35,35.2,0.75,35.48,0.74,mcl1,jacs_set
128,49,27,2.239999771118164,1.4898024219247925,0.3375018287263153,-5.57,0.45,-5.72,0.41,-5.47,0.43,-1.68,0.97,0.15,1.43,3.47,0.85,mcl1,jacs_set
129,51,27,2.3299999237060547,1.7726258763543652,0.19191028426980694,-68.16,0.68,-68.17,0.52,-68.2,0.51,-59.42,1.02,-60.97,0.63,-61.89,0.69,mcl1,jacs_set
130,27,60,-2.8000001907348637,-1.3073613766730394,0.5057757934368248,17.76,0.35,18.14,0.39,18.49,0.39,11.24,0.66,17.53,0.8,9.21,0.95,mcl1,jacs_set
131,65,27,2.289999961853028,3.078393881453155,0.39548663698140996,3.47,0.37,3.61,0.43,2.75,0.37,13.29,0.77,16.23,1.1,18.95,2.32,mcl1,jacs_set
132,68,27,1.570000171661377,0.39515615041427044,0.6419640829030056,-157.53,0.41,-156.6,0.49,-157.18,0.51,-157.62,0.98,-159.52,1.42,-149.21,0.66,mcl1,jacs_set
133,28,30-flip,-1.2300000190734863,-0.7225940089228791,0.43871849531479684,-32.22,0.41,-33.39,0.37,-34.1,0.49,-32.32,0.89,-39.66,0.7,-36.8,0.6,mcl1,jacs_set
134,35,28,2.1900005340576176,1.4674952198852782,0.41165124666707664,24.47,0.44,25.86,0.5,23.68,0.39,33.82,0.47,31.35,0.81,27.26,1.03,mcl1,jacs_set
135,28,38-flip,-0.4000000953674316,-1.7319949012109606,0.9704777911470579,36.04,0.56,35.29,0.66,35.68,0.61,32.57,3.39,32.27,3.56,20.43,5.13,mcl1,jacs_set
136,28,41-flip,-0.5100002288818359,-2.672084130019121,1.4386667890039464,24.25,0.72,24.4,0.57,24.03,0.69,0.04,4.26,24.25,1.37,14.85,1.42,mcl1,jacs_set
137,28,45,-2.3299999237060547,-2.6665073295092414,0.4975640421615257,30.54,0.41,30.27,0.39,30.14,0.45,14.86,0.83,19.2,0.81,23.42,0.66,mcl1,jacs_set
138,28,49,-1.739999771118164,-2.918260038240918,0.7557903891638549,14.21,0.54,15.33,0.57,13.55,0.48,-4.79,1.63,7.62,1.26,3.63,1.49,mcl1,jacs_set
139,28,64,-2.880000114440918,-2.882409177820268,0.5633318289632214,18.37,0.41,17.96,0.36,18.21,0.38,0.6,0.79,9.83,0.85,7.93,0.7,mcl1,jacs_set
140,29,33,0.05999994277954098,-0.6955066921606119,0.5251906572584034,13.95,0.52,15.8,0.45,14.39,0.51,15.69,0.75,12.31,1.23,7.41,2.02,mcl1,jacs_set
141,35,29,1.87000036239624,2.3064053537284894,0.24195584447581112,9.58,0.42,9.96,0.47,9.67,0.59,19.47,2.02,20.46,0.74,18.23,1.1,mcl1,jacs_set
142,43-flip,29,0.0900001525878906,-0.19200127469725883,0.2604855305997655,-14.49,0.74,-14.11,0.48,-15.05,0.58,-16.88,1.78,-14.29,0.85,-14.89,1.16,mcl1,jacs_set
143,48-flip,29,-0.2800002098083496,-1.2954110898661568,0.8830224845412122,14.69,0.92,11.91,0.7,13.31,0.68,4.57,2.16,2.71,1.03,16.37,1.6,mcl1,jacs_set
144,29,50,-2.389999866485596,-2.004461440407902,0.5598687304163497,29.95,0.53,29.14,0.56,29.05,0.52,16.3,1.34,21.26,1.69,25.42,1.4,mcl1,jacs_set
145,29,54,-2.839999675750732,-3.353250478011472,0.8612020030952934,37.96,0.39,38.05,0.39,38.46,0.42,25.16,1.04,31.09,1.31,16.13,0.76,mcl1,jacs_set
146,29,63,-2.12000036239624,-3.953951561504144,0.9689179882280283,-28.45,0.58,-27.13,0.63,-26.61,0.68,-46.63,2.0,-34.67,2.29,-50.52,1.07,mcl1,jacs_set
147,29,64,-2.559999942779541,-3.266411727214785,0.31919994371602156,33.23,0.38,32.36,0.42,32.04,0.31,21.17,1.39,17.82,1.66,17.64,1.43,mcl1,jacs_set
148,66,29,1.4900002479553225,3.548438495857235,0.6260078900711957,-62.67,0.39,-62.22,0.41,-62.72,0.39,-53.51,1.08,-46.56,1.21,-43.0,1.12,mcl1,jacs_set
149,30-flip,34,0.9800000190734866,-0.3816124920331449,0.5385889895045435,49.18,0.37,47.82,0.42,49.11,0.4,44.51,2.46,44.9,1.06,51.91,1.48,mcl1,jacs_set
150,30-flip,36,-0.3300004005432129,-1.0301147227533431,0.21248473614850513,41.01,0.33,41.09,0.35,41.04,0.34,36.83,0.61,35.07,0.88,38.31,0.55,mcl1,jacs_set
151,40-flip,30-flip,-0.5999999046325684,1.1711281070745692,0.3696031538501217,-11.45,0.61,-12.04,0.54,-11.25,0.6,-6.05,0.98,-9.21,2.45,-4.78,1.62,mcl1,jacs_set
152,30-flip,45,-1.0999999046325684,-2.909496494582534,0.27309148860763227,63.47,0.64,64.99,0.45,63.49,0.56,49.97,0.87,52.42,0.86,53.04,1.55,mcl1,jacs_set
153,48-flip,30-flip,-1.190000057220459,-2.3868706182281714,0.3968819140549784,-4.84,0.46,-6.0,0.36,-4.91,0.57,-17.94,1.01,-15.96,1.2,-11.81,1.13,mcl1,jacs_set
154,53,30-flip,2.1100001335144043,2.8369980879541106,0.2534355426764271,2.03,0.42,2.96,0.39,1.96,0.31,16.17,0.7,14.01,0.72,12.38,0.98,mcl1,jacs_set
155,30-flip,57,-1.190000057220459,0.8341300191204559,0.3478457894072771,62.46,0.52,61.13,0.38,62.7,0.68,68.08,1.13,62.98,0.95,65.7,1.23,mcl1,jacs_set
156,62,30-flip,0.1100001335144043,-0.36647546207775605,0.7182343928840447,-100.21,0.59,-99.97,0.6,-100.7,0.65,-106.47,1.16,-104.08,1.33,-94.93,1.36,mcl1,jacs_set
157,30-flip,64,-1.6500000953674316,-1.7582855321861046,0.36720136576290147,52.47,0.42,50.94,0.5,51.05,0.52,42.41,1.13,42.69,1.49,47.29,1.03,mcl1,jacs_set
158,30-flip,68,0.1599998474121093,-0.28521351179095517,0.6685874727294602,191.72,0.52,191.63,0.46,192.97,0.5,188.3,0.96,187.02,0.93,197.42,1.13,mcl1,jacs_set
159,33,31,-1.0399999618530271,0.1776609305289974,0.6753003430484785,84.62,0.38,84.23,0.35,84.27,0.37,84.13,1.53,91.28,2.07,79.94,0.98,mcl1,jacs_set
160,31,37,-1.0299997329711914,-0.8325366475462079,0.26109115818704537,-100.63,0.4,-99.67,0.35,-99.12,0.35,-101.36,0.67,-105.34,0.5,-103.17,0.75,mcl1,jacs_set
161,45,31,1.0299997329711914,-0.29955385595920897,0.31803061547802364,47.93,0.46,47.76,0.36,48.14,0.4,43.78,0.83,47.59,0.73,48.7,0.69,mcl1,jacs_set
162,31,46-flip,0.3200001716613769,2.2952517527087295,0.614635526303581,-111.1,0.39,-111.06,0.35,-111.12,0.45,-107.52,1.3,-99.37,0.9,-97.58,0.71,mcl1,jacs_set
163,31,50,-1.4099998474121094,-0.3362014021669853,0.36982859536631085,-63.01,0.38,-62.33,0.39,-62.18,0.34,-66.67,0.81,-64.31,1.21,-60.76,0.95,mcl1,jacs_set
164,31,58,-1.489999771118164,-2.6561504142766084,0.8203282265768063,-87.81,0.33,-87.72,0.35,-88.51,0.34,-98.8,1.32,-92.18,1.58,-106.4,0.75,mcl1,jacs_set
165,67,31,-0.3400001525878906,1.2181325685149782,0.16664061269185093,-17.66,0.26,-17.54,0.27,-17.39,0.33,-12.41,0.69,-11.28,0.44,-13.61,0.88,mcl1,jacs_set
166,48-flip,32,0.07999992370605459,-2.5398342893562784,0.23621083453700661,10.11,0.4,10.02,0.42,10.1,0.42,0.71,1.27,-2.13,1.08,-0.23,1.09,mcl1,jacs_set
167,32,50,-2.75,-1.3862332695984705,0.29198865007924846,30.11,0.33,30.94,0.4,29.6,0.37,24.14,1.21,26.7,0.72,22.41,0.83,mcl1,jacs_set
168,32,54,-3.1999998092651367,-2.100860420650094,0.8721848560449971,41.99,0.55,41.46,0.36,42.12,0.56,27.48,0.99,41.75,1.2,29.97,1.15,mcl1,jacs_set
169,32,57,-2.4600000381469727,-1.4196940726577432,0.6065817554410268,46.65,0.47,47.62,0.46,46.92,0.46,35.48,1.39,42.68,1.48,45.21,1.02,mcl1,jacs_set
170,32,60,-2.3400001525878897,-3.6575844486934352,0.2075075889338917,28.22,0.32,27.72,0.31,28.08,0.33,11.52,0.61,12.27,0.62,14.32,1.22,mcl1,jacs_set
171,62,32,1.380000114440918,0.5847673677501574,0.9718301996737273,-84.42,0.43,-85.29,0.6,-85.24,0.54,-78.68,1.13,-91.97,2.99,-76.96,1.05,mcl1,jacs_set
172,33,37,-2.0699996948242188,0.026290630975144096,0.6472053561977852,-22.5,0.42,-23.71,0.39,-23.41,0.32,-29.46,0.71,-20.56,1.11,-19.27,1.03,mcl1,jacs_set
173,33,50,-2.4499998092651367,-0.46765455704270287,0.37768014022675583,14.19,0.37,14.46,0.34,14.63,0.43,10.14,0.75,11.23,0.59,16.04,1.11,mcl1,jacs_set
174,54,33,2.899999618530273,0.5162523900573613,0.30494276271226156,-15.97,0.58,-16.32,0.53,-16.59,0.53,-13.52,1.9,-15.26,2.33,-13.62,1.37,mcl1,jacs_set
175,56,33,2.3800001144409175,1.2731038878266405,0.36559461477958277,10.9,0.42,9.9,0.49,10.13,0.37,18.27,1.29,15.88,1.16,12.76,1.33,mcl1,jacs_set
176,61,33,1.1999998092651367,-0.12985978330146328,0.395172275408456,-35.57,0.43,-34.57,0.33,-33.84,0.34,-31.9,0.57,-35.67,1.16,-38.04,1.36,mcl1,jacs_set
177,40-flip,34,0.3800001144409179,0.9209687699171444,0.6009383009430149,36.76,0.48,34.64,0.67,34.67,0.61,39.68,1.99,43.63,1.54,34.32,1.8,mcl1,jacs_set
178,43-flip,35,-1.7800002098083496,-0.6126513702995545,0.7776973844355796,-16.29,0.39,-17.89,0.39,-16.2,0.41,-13.03,0.76,-26.42,0.68,-18.62,1.14,mcl1,jacs_set
179,35,44,0.1400003433227539,-0.04780114722753243,0.22811086552551046,61.66,0.51,62.33,0.45,61.06,0.47,59.93,0.85,61.53,0.69,62.99,0.9,mcl1,jacs_set
180,35,45,-0.1399993896484375,-0.8317399617590815,0.31935954783237236,54.28,0.47,53.9,0.52,54.95,0.57,49.54,0.54,53.87,0.71,49.28,0.87,mcl1,jacs_set
181,35,46-flip,1.2100005149841309,1.7367750159337154,0.3856009764015503,-9.7,0.33,-8.52,0.35,-9.62,0.36,0.18,1.03,-5.51,0.91,-0.71,1.04,mcl1,jacs_set
182,49,35,-0.4500007629394532,-0.19439133205863587,0.24108911094475358,-24.61,0.38,-24.68,0.35,-24.1,0.3,-26.48,0.7,-23.11,0.56,-26.24,0.88,mcl1,jacs_set
183,35,50,-0.5199995040893555,-0.7464945825366471,0.18962150002652384,31.76,0.4,32.21,0.41,32.13,0.35,27.26,0.49,30.01,0.61,29.46,0.54,mcl1,jacs_set
184,54,35,0.9699993133544922,1.3511790949649456,0.6078902723972511,-33.03,0.41,-32.98,0.48,-34.12,0.56,-33.74,1.09,-24.62,0.77,-24.81,0.58,mcl1,jacs_set
185,35,63,-0.25,-1.3408221797323134,0.5999086455540142,-24.72,0.36,-24.39,0.32,-24.67,0.31,-35.96,0.55,-25.82,0.97,-28.83,1.09,mcl1,jacs_set
186,36,52,-1.0499992370605469,-2.0299553855959216,0.3407716270154296,-29.96,0.35,-29.98,0.34,-29.77,0.34,-35.34,0.6,-41.04,0.7,-38.81,0.7,mcl1,jacs_set
187,37,50,-0.3800001144409179,0.8078393881453144,0.1663516663677739,36.96,0.35,36.33,0.36,37.53,0.35,39.44,0.61,40.01,0.61,41.51,0.48,mcl1,jacs_set
188,37,60,0.029999732971191396,-0.3847992351816458,0.13494334240663272,35.25,0.32,34.89,0.34,34.82,0.32,32.35,0.39,34.21,0.39,33.57,0.6,mcl1,jacs_set
189,38-flip,45,-1.929999828338623,-1.1448374760994267,0.8018000237122176,-4.76,0.47,-5.57,0.63,-4.43,0.46,-13.71,0.9,-1.67,1.11,-13.75,1.21,mcl1,jacs_set
190,62,38-flip,0.9400000572204589,-3.99378585086042,0.46867645201679803,-30.89,0.61,-32.65,0.66,-31.49,0.53,-51.34,0.8,-44.53,1.2,-49.29,2.38,mcl1,jacs_set
191,46-flip,39,0.5699996948242188,-0.7982791586998096,0.6078281744701477,55.67,0.45,56.25,0.47,55.88,0.43,52.03,0.99,47.91,1.08,57.84,2.53,mcl1,jacs_set
192,40-flip,45,-1.6999998092651367,-1.0046207775653297,0.7524373504931541,51.5,0.59,53.27,1.06,49.82,0.88,40.73,1.2,48.98,2.1,52.27,2.29,mcl1,jacs_set
193,47-flip,40-flip,-1.4699997901916504,-2.818674314850224,0.5546815686375636,23.1,0.51,25.43,0.66,24.73,0.66,8.51,1.27,12.0,1.36,17.37,1.1,mcl1,jacs_set
194,40-flip,52,-1.979999542236328,-1.2842574888463991,1.199534126376631,-0.66,0.58,-0.91,0.66,-0.66,0.52,-17.41,1.57,0.32,5.05,-1.26,1.5,mcl1,jacs_set
195,41-flip,46-flip,-0.46999979019165034,-0.3258444869343539,1.4015719914660185,-55.97,0.34,-56.88,0.66,-58.47,0.8,-44.86,1.93,-67.91,2.15,-62.64,2.21,mcl1,jacs_set
196,41-flip,49,-1.229999542236328,1.2093690248565963,0.23458823975964033,-10.64,0.72,-11.11,0.56,-11.02,0.51,-6.14,1.42,-6.65,0.9,-4.8,1.67,mcl1,jacs_set
197,66,41-flip,1.3000001907348633,-0.8859145952836219,1.0118491906816205,-24.75,0.74,-23.58,0.8,-25.15,0.85,-34.59,5.62,-19.82,1.65,-30.19,2.96,mcl1,jacs_set
198,42,45,-0.05000019073486319,-0.9034416826003826,0.12118475308900668,-19.59,0.38,-20.35,0.46,-20.56,0.37,-24.07,0.44,-23.27,0.39,-24.5,0.41,mcl1,jacs_set
199,42,60,-0.0200004577636718,-1.3217017208412996,0.33891437647752026,-28.93,0.39,-28.79,0.46,-30.0,0.41,-33.83,0.69,-37.87,0.76,-32.61,0.77,mcl1,jacs_set
200,42,64,-0.6000003814697266,-1.3217017208413004,0.12240378807651137,-23.84,0.48,-23.83,0.36,-23.73,0.34,-28.85,0.53,-28.91,0.46,-30.23,0.4,mcl1,jacs_set
201,66,42,-0.46999931335449224,0.8930847673677504,0.13962348284889736,-5.63,0.29,-6.24,0.33,-6.76,0.3,-1.9,0.42,-3.47,0.46,-2.05,0.45,mcl1,jacs_set
202,49,43-flip,1.3299994468688965,1.1870618228170808,0.49155926214190143,-1.52,0.39,0.33,0.42,-2.8,0.43,-0.09,1.0,3.95,0.78,7.05,2.35,mcl1,jacs_set
203,43-flip,61,-1.049999713897705,-1.0787125557680055,0.415686733392167,41.63,0.35,41.71,0.45,42.44,0.35,39.67,1.55,38.94,0.95,33.63,1.31,mcl1,jacs_set
204,43-flip,67,-0.5499997138977051,-1.6993307839388074,0.8034515779588723,102.44,0.36,102.32,0.32,102.78,0.35,89.77,0.75,103.22,1.19,93.22,1.48,mcl1,jacs_set
205,44,54,-1.109999656677246,-0.9480560866794132,0.5312502803456455,-13.38,0.34,-13.81,0.29,-13.87,0.3,-22.22,0.63,-17.68,0.91,-13.06,0.98,mcl1,jacs_set
206,51,45,-0.5,-2.179732313575527,0.38651171731183526,-40.41,0.33,-41.06,0.42,-40.57,0.39,-51.72,0.67,-51.68,0.75,-46.0,0.55,mcl1,jacs_set
207,52,45,0.2799997329711914,0.011153601019757839,0.17588974720726575,68.18,0.67,66.96,0.44,66.74,0.45,68.35,0.72,66.7,0.59,66.97,0.64,mcl1,jacs_set
208,62,45,-0.989999771118164,-1.4682919056724004,0.4009031560766122,-45.26,0.37,-44.53,0.33,-44.81,0.31,-52.33,0.65,-53.62,0.47,-47.08,0.5,mcl1,jacs_set
209,50,46-flip,1.7300000190734863,2.2163798597833018,0.14365431963596376,-33.59,0.31,-34.18,0.39,-33.38,0.38,-24.18,0.96,-24.83,0.95,-24.32,0.66,mcl1,jacs_set
210,46-flip,52,-1.6299996376037598,-2.970044614404079,0.766584716715183,10.2,0.38,11.1,0.38,10.9,0.44,4.95,1.16,-8.28,1.16,-1.75,1.16,mcl1,jacs_set
211,46-flip,63,-1.4600005149841309,-2.9254302103250476,1.0827281476050694,-8.16,0.32,-8.92,0.31,-8.65,0.3,-30.31,1.14,-20.78,1.16,-11.36,1.28,mcl1,jacs_set
212,47-flip,49,-2.5799994468688965,-1.7009241555130656,0.35584453749830514,60.71,0.47,58.67,0.51,59.69,0.46,55.73,0.9,50.99,0.99,51.0,0.8,mcl1,jacs_set
213,47-flip,51,-2.6699995994567867,-1.2523900573613753,0.6218619106268862,113.98,0.51,114.85,0.6,113.55,0.6,113.56,1.13,109.84,1.43,103.26,1.31,mcl1,jacs_set
214,47-flip,53,-4.179999828338623,-4.656628425748884,0.6122981503435544,23.07,0.38,22.99,0.46,23.93,0.5,9.3,1.65,-0.8,1.14,3.04,1.19,mcl1,jacs_set
215,65,47-flip,2.62999963760376,5.056564690885915,0.2773146640202689,-41.51,0.37,-39.91,0.36,-40.99,0.35,-19.95,0.98,-17.43,0.61,-21.56,0.73,mcl1,jacs_set
216,62,48-flip,1.3000001907348633,2.4219247928616934,0.5043086446004116,-93.63,0.81,-94.92,0.89,-94.57,1.02,-88.43,0.81,-80.29,1.07,-84.0,1.14,mcl1,jacs_set
217,48-flip,64,-2.84000015258789,-4.707616316124921,0.8969819494950683,46.2,0.94,46.08,0.62,45.34,0.82,17.56,0.9,32.8,1.19,28.17,0.76,mcl1,jacs_set
218,48-flip,66,-1.770000457763672,-5.404716379859784,0.45033536499735677,81.51,0.63,83.85,0.73,83.5,0.85,64.38,0.66,57.78,0.9,58.86,0.79,mcl1,jacs_set
219,67,48-flip,0.9200000762939451,5.340981516889737,0.7183831454980344,-122.46,0.49,-122.52,0.54,-123.33,0.59,-106.84,0.99,-99.93,0.88,-94.5,1.23,mcl1,jacs_set
220,49,52,-0.8699998855590821,-1.8084767367750174,0.30435631817215814,-29.59,0.35,-29.83,0.34,-29.4,0.41,-39.57,0.53,-37.39,0.77,-34.56,0.74,mcl1,jacs_set
221,50,64,-0.1700000762939453,0.16411727214786506,0.49721304134984784,18.78,0.46,18.19,0.51,16.55,0.64,17.71,0.94,22.57,2.93,15.3,0.74,mcl1,jacs_set
222,68,50,-1.6399998664855957,-1.35834926704907,0.6307267792552619,-136.8,0.47,-136.65,0.5,-138.05,0.5,-148.88,1.07,-138.53,1.04,-141.14,0.97,mcl1,jacs_set
223,51,61,0.369999885559082,-1.3639260675589548,0.3171060925367281,-26.76,0.43,-28.21,0.51,-27.17,0.51,-35.95,0.95,-31.92,0.68,-31.39,0.53,mcl1,jacs_set
224,63,51,0.6100006103515625,3.7173358827278573,0.3076938081592413,126.42,0.79,125.99,0.51,125.13,0.51,138.83,0.81,141.92,0.85,143.45,0.7,mcl1,jacs_set
225,56,53,-0.6999998092651367,-1.308158062460166,0.1455921937058804,-11.74,0.29,-10.86,0.35,-12.35,0.42,-16.92,0.46,-17.86,0.6,-16.59,0.55,mcl1,jacs_set
226,57,53,-0.9200000762939451,-3.5062141491395784,0.2707543713951565,-51.03,0.51,-51.28,0.48,-51.09,0.52,-64.36,0.51,-65.28,0.88,-67.77,1.83,mcl1,jacs_set
227,58,53,-0.5500001907348633,0.6269917144678138,0.1420203266219948,-10.64,0.36,-11.08,0.35,-10.29,0.3,-7.18,0.46,-7.86,0.44,-9.1,0.45,mcl1,jacs_set
228,67,53,-2.3800001144409175,-1.8124601657106425,0.11746111820344261,-123.83,0.34,-124.03,0.3,-124.19,0.32,-131.52,0.39,-130.83,0.43,-132.45,0.38,mcl1,jacs_set
229,61,54,-1.6999998092651367,-0.9305289993626513,0.4773474940801485,-3.76,0.61,-3.82,0.48,-3.96,0.63,-3.99,1.27,-7.3,1.2,-11.93,0.8,mcl1,jacs_set
230,68,54,-2.0899996757507324,-1.0269279796048472,0.16714730662992933,-128.0,0.29,-128.7,0.34,-127.7,0.32,-131.82,0.48,-133.78,0.36,-131.69,0.68,mcl1,jacs_set
231,56,57,0.2200002670288086,1.5344168260038227,0.18783332689972487,48.22,0.53,47.74,0.68,47.52,0.56,53.14,0.74,54.99,0.98,54.61,0.87,mcl1,jacs_set
232,67,56,-1.6800003051757812,-0.2533460803059279,0.1726439211550343,-113.38,0.33,-112.84,0.32,-112.22,0.33,-115.29,0.54,-113.16,0.46,-113.17,0.56,mcl1,jacs_set
233,58,57,0.369999885559082,4.231198215423837,0.19311424502076896,54.74,0.54,54.39,0.53,53.82,0.46,71.61,0.86,71.18,0.92,73.27,0.85,mcl1,jacs_set
234,65,58,-1.0,-0.9464627151051627,0.10428134475646574,-9.46,0.29,-10.06,0.31,-9.62,0.37,-13.16,0.41,-14.12,0.53,-13.74,0.52,mcl1,jacs_set
235,61,60,-0.8400001525878906,-0.9257488846398984,0.15829698768443695,-21.22,0.3,-22.01,0.31,-22.41,0.34,-26.67,0.47,-24.89,0.83,-25.7,0.56,mcl1,jacs_set
236,68,60,-1.2300000190734863,-1.7216379859783402,0.22155805805873685,-155.18,0.47,-154.97,0.46,-155.41,0.43,-160.65,0.91,-162.71,0.87,-163.81,0.57,mcl1,jacs_set
237,67,61,-0.5,0.5074888463989806,0.4678722678374193,-76.22,0.34,-76.39,0.37,-76.39,0.35,-78.63,0.59,-73.42,0.62,-70.58,0.51,mcl1,jacs_set
238,62,64,-1.5399999618530271,-2.315168897386871,0.15582517620141656,-48.29,0.36,-46.7,0.35,-47.56,0.41,-57.81,0.77,-56.46,0.51,-57.34,0.55,mcl1,jacs_set
239,2aa,2bb,0.2100000381469726,1.2834608030592745,0.6828816030169506,-640.48,0.86,-642.8,0.91,-641.66,1.07,-639.92,3.05,-638.39,2.3,-630.52,1.62,p38,jacs_set
240,2aa,2z,-1.0899991989135742,0.1330465264499694,0.6478966927560454,-90.62,0.58,-93.12,0.69,-92.48,0.69,-89.44,1.81,-87.59,0.75,-97.52,1.43,p38,jacs_set
241,2aa,3flw,-1.4099998474121094,-1.698534098151686,0.3280964980543732,-210.52,0.7,-207.92,0.84,-209.78,0.86,-215.2,1.41,-217.22,2.29,-217.12,1.37,p38,jacs_set
242,2bb,2v,0.0900001525878906,0.956819630337794,0.38178518076842055,534.38,0.89,533.76,0.94,534.65,0.83,539.72,2.1,539.38,1.35,535.7,1.75,p38,jacs_set
243,2g,2c,0.1999998092651367,-2.917463352453791,0.32353437898174303,-95.03,0.5,-97.84,0.67,-98.8,0.64,-109.73,0.89,-110.89,0.85,-107.67,0.9,p38,jacs_set
244,2c,3flz,0.9700002670288085,4.539515615041426,0.662455522968914,47.53,0.66,48.49,0.55,49.06,0.58,65.94,1.09,73.57,1.25,62.55,0.88,p38,jacs_set
245,2j,2e,-0.619999885559082,0.10755258126195434,0.23298150942948403,151.44,0.27,151.21,0.36,151.5,0.29,149.92,0.45,151.87,0.59,153.71,0.76,p38,jacs_set
246,3fln,2e,0.1800003051757812,1.2420331421287445,0.18375646600662845,15.45,0.3,15.33,0.29,14.94,0.39,21.46,0.28,21.14,0.35,18.71,0.36,p38,jacs_set
247,2j,2ee,-2.1800003051757812,-1.4188973868706183,0.2860329984627279,58.67,0.44,59.16,0.43,58.92,0.44,53.52,0.91,54.96,0.66,50.46,0.71,p38,jacs_set
248,2ee,3fln,1.380000114440918,-0.20554493307839714,0.10650716378423342,76.83,0.42,76.92,0.38,76.35,0.4,76.17,0.5,75.83,0.6,75.52,0.54,p38,jacs_set
249,2g,2f,2.1800003051757812,0.9839069471000621,0.3456417157232567,-85.78,0.28,-86.76,0.35,-86.6,0.3,-85.67,0.43,-80.36,0.31,-80.76,0.28,p38,jacs_set
250,2j,2f,1.6000003814697266,-1.0906628425748917,0.36711944363428656,99.43,0.35,100.04,0.36,98.69,0.29,93.95,0.96,98.19,0.83,92.33,0.45,p38,jacs_set
251,2j,2ff,-1.359999656677246,-2.1136073932441044,0.34069858870273595,181.5,0.43,180.98,0.39,180.8,0.42,170.42,0.78,175.53,0.59,170.8,0.43,p38,jacs_set
252,2ff,3fln,0.5599994659423828,-0.04939451880178379,0.15798519351179105,-45.9,0.31,-45.64,0.31,-44.66,0.33,-44.51,0.32,-46.64,0.46,-45.67,0.45,p38,jacs_set
253,2g,2h,1.1800003051757812,2.0458891013384326,0.35804252078375187,-188.96,0.31,-188.97,0.3,-189.38,0.31,-183.88,0.28,-177.69,0.31,-180.06,0.35,p38,jacs_set
254,2g,2i,0.6099996566772461,1.2197259400892335,0.22681192944644588,-137.01,0.32,-137.05,0.27,-137.03,0.39,-133.82,0.39,-130.13,0.41,-131.83,0.78,p38,jacs_set
255,2g,3fln,-0.2200002670288086,0.7138304652644973,0.319158425651961,-50.47,0.28,-50.0,0.26,-50.97,0.28,-46.93,0.38,-50.47,0.29,-45.08,0.45,p38,jacs_set
256,2g,3flz,1.170000076293945,0.09002549394518763,0.10515164547429581,-57.13,0.3,-56.89,0.29,-56.53,0.25,-57.13,0.29,-56.62,0.27,-55.67,0.25,p38,jacs_set
257,2j,2gg,-0.5799999237060547,-0.03824091778202669,0.18949678395644198,-2.44,0.44,-2.97,0.36,-2.06,0.3,-4.26,0.53,-2.08,0.48,-1.61,0.55,p38,jacs_set
258,2gg,3fln,-0.2200002670288086,-1.344805608667941,0.17225304921844295,137.99,0.34,138.35,0.37,137.11,0.38,132.2,0.45,131.03,0.41,133.34,0.63,p38,jacs_set
259,2j,2h,0.6000003814697266,-0.03983428935627784,0.4372180496802562,-2.85,0.26,-2.57,0.32,-3.01,0.33,-6.85,0.81,0.71,0.59,-2.79,0.29,p38,jacs_set
260,2i,3fln,-0.8299999237060547,-1.8841618865519487,0.5721063551589655,85.9,0.23,87.14,0.34,86.54,0.3,74.52,0.65,77.24,0.46,84.17,0.5,p38,jacs_set
261,2j,2l,-2.1800003051757812,-2.115997450605472,0.6235545270410465,140.94,0.37,141.25,0.35,140.97,0.39,138.34,0.43,130.41,0.62,127.85,0.5,p38,jacs_set
262,2j,2m,-0.880000114440918,-2.9063097514340397,0.4303362728225228,189.05,0.56,188.85,0.47,188.6,0.42,176.26,0.98,180.46,0.73,173.3,0.97,p38,jacs_set
263,2j,2q,-2.1800003051757812,-3.8758763543658383,0.5804961081470307,-105.25,0.88,-105.24,0.8,-105.95,0.99,-117.56,2.09,-126.31,1.88,-121.22,1.92,p38,jacs_set
264,2j,2r,-0.7100000381469727,-2.7318355640535352,0.6774235888360902,83.92,0.51,84.99,0.61,83.8,0.52,66.82,1.15,73.24,0.94,78.36,1.4,p38,jacs_set
265,2j,2t,-1.770000457763672,-4.1642766093052925,0.2874763964636037,84.69,0.32,85.3,0.37,86.07,0.39,68.27,0.63,65.52,0.66,70.0,0.78,p38,jacs_set
266,2j,2v,1.109999656677246,0.9615997450605498,0.2433373267191168,222.63,0.47,223.38,0.58,223.23,0.49,227.26,0.93,225.46,1.16,228.59,1.0,p38,jacs_set
267,2k,2m,-0.4099998474121094,-2.0419056724028017,0.28125752771576673,245.28,0.46,244.16,0.53,243.81,0.58,233.58,0.62,237.44,0.96,236.6,0.82,p38,jacs_set
268,2u,2k,1.7100000381469729,5.460484384958592,1.4513766498198928,331.9,0.82,328.01,1.54,348.18,2.09,364.66,2.78,353.25,3.22,358.72,3.35,p38,jacs_set
269,2k,3fln,-0.3299999237060547,-1.651529636711287,0.18928370025976274,191.32,0.34,192.0,0.33,191.09,0.34,185.64,0.54,183.0,0.56,185.04,0.64,p38,jacs_set
270,2l,2n,0.4099998474121094,-0.9122052262587625,0.15751881816943947,-35.95,0.4,-36.95,0.43,-36.46,0.4,-39.54,0.56,-41.43,0.49,-39.84,0.56,p38,jacs_set
271,2l,2o,1.770000457763672,0.3099107711918318,0.3114954337831796,-452.34,0.73,-451.23,0.66,-451.08,0.72,-449.99,0.93,-448.36,1.14,-452.41,1.58,p38,jacs_set
272,2l,2p,1.0600004196166992,-0.517845761631617,0.3362226488574896,-275.95,0.79,-277.52,0.71,-277.02,0.81,-279.3,2.42,-280.21,2.16,-277.48,0.89,p38,jacs_set
273,2l,2s,1.1500005722045898,0.02629063097514326,0.14911771466998858,15.49,0.52,14.8,0.39,14.81,0.38,15.69,0.84,14.37,0.62,15.37,0.79,p38,jacs_set
274,2n,3fln,0.9700002670288085,1.6403760356915231,0.13567665771782164,30.87,0.49,31.8,0.42,30.93,0.5,37.87,0.71,38.46,0.54,37.86,0.79,p38,jacs_set
275,2o,3fln,-0.3900003433227539,0.9185787125557612,0.377822904172785,447.54,0.95,446.68,0.99,447.43,1.33,451.7,2.27,448.78,1.66,452.7,1.45,p38,jacs_set
276,2p,3fln,0.3199996948242187,1.955863607393245,0.3860525703380874,271.59,1.07,271.95,1.29,271.48,1.24,280.7,2.58,279.77,2.07,279.1,2.53,p38,jacs_set
277,2q,2u,0.0,0.5441363926067637,0.2551919560998028,-247.17,0.61,-246.92,0.64,-247.88,0.67,-243.85,0.77,-247.07,0.83,-244.22,0.99,p38,jacs_set
278,3fln,2r,0.0900001525878906,-0.10356915232632001,0.24325910123375885,-51.65,0.49,-52.5,0.42,-50.58,0.5,-52.71,0.73,-50.23,0.88,-53.09,0.6,p38,jacs_set
279,3fln,2s,-0.2299995422363281,-0.8245697896749512,0.2020022857809461,19.96,0.6,21.16,0.57,20.72,0.47,17.01,0.92,18.47,0.59,16.01,0.62,p38,jacs_set
280,2t,3fln,0.9700002670288085,2.152644996813257,0.18044565908294452,50.1,0.37,50.78,0.36,50.06,0.33,60.62,0.44,57.84,0.39,59.5,0.45,p38,jacs_set
281,2x,2v,1.2599992752075195,1.6435627788400256,0.20189035161567914,0.98,0.36,0.47,0.4,-0.69,0.37,8.33,0.67,6.97,1.1,6.09,0.53,p38,jacs_set
282,2y,2v,0.8099994659423828,1.7335882727852134,0.24253605251977015,-7.19,0.42,-6.94,0.45,-7.74,0.43,1.42,1.23,-1.78,0.94,0.25,0.92,p38,jacs_set
283,3fln,2v,1.9099998474121096,2.600382409177819,0.23092711742465014,86.98,0.56,86.93,0.48,87.18,0.43,99.58,0.74,97.58,0.78,96.57,1.29,p38,jacs_set
284,2v,3fly,-2.4499998092651367,-2.343849585723392,0.1535431149312954,-52.98,0.33,-52.65,0.34,-52.87,0.32,-61.93,0.52,-62.03,0.46,-63.96,0.44,p38,jacs_set
285,3fmh,2v,1.859999656677246,1.6268323773103865,0.24813000789638473,76.36,0.62,75.48,0.49,77.09,0.56,83.94,1.29,83.45,1.67,81.96,0.87,p38,jacs_set
286,3fmk,2v,2.859999656677246,5.199968132568514,0.4789115619288861,74.13,0.63,72.29,0.53,71.66,0.59,96.16,2.51,96.04,1.65,91.15,2.55,p38,jacs_set
287,2x,3fly,-1.1900005340576172,-0.48199490121096383,0.19926692948675231,-52.06,0.43,-52.41,0.39,-51.9,0.36,-53.67,0.46,-55.89,0.56,-52.86,0.4,p38,jacs_set
288,2y,2z,-0.5799999237060547,0.34974506054812055,0.6751574005312566,9.87,0.69,12.03,0.83,19.0,1.08,12.26,0.79,18.73,1.0,14.3,0.74,p38,jacs_set
289,3flq,2z,-0.4299993515014648,-2.820267686424464,1.2083246173007798,564.27,0.83,567.64,1.51,569.63,1.4,547.91,1.22,551.37,2.01,566.86,1.38,p38,jacs_set
290,3flw,2z,0.3200006484985351,2.6975780752071405,0.4793221677530482,117.31,0.7,119.37,0.88,122.86,1.0,133.32,1.23,128.77,1.85,131.31,1.59,p38,jacs_set
291,3fmk,2z,1.4700002670288086,3.69582536647546,0.6775137081775583,93.36,0.72,93.59,0.68,93.65,0.76,106.88,1.41,115.5,0.85,104.61,1.27,p38,jacs_set
292,3fln,3flz,1.390000343322754,-1.8076800509878905,0.22554007986744196,-6.37,0.28,-6.51,0.3,-6.61,0.3,-16.02,0.29,-13.99,0.39,-12.17,0.36,p38,jacs_set
293,3flq,3fly,-1.489999771118164,-0.6978967495219787,0.27557782684037796,477.91,0.57,476.95,0.76,477.85,0.58,474.16,1.18,474.69,2.73,475.1,1.16,p38,jacs_set
294,3fmh,3fly,-0.5900001525878906,-0.0788718929254298,0.12329882411086099,21.96,0.36,21.51,0.43,21.29,0.45,21.07,0.58,21.89,0.66,20.81,0.54,p38,jacs_set
295,20667,23479,2.2799997329711914,2.0881134480560894,0.32162451144643417,258.84,1.22,258.59,1.09,259.48,1.04,267.51,1.9,267.56,1.86,268.05,2.03,ptp1b,jacs_set
296,20667,23482,1.4099998474121094,2.3494263862332727,0.41452476887679607,-172.48,0.86,-174.05,0.76,-171.73,0.82,-162.13,1.31,-164.88,3.06,-161.76,2.37,ptp1b,jacs_set
297,23484,20667,-3.6700000762939458,0.9496494582536653,0.4397572046656985,-58.13,0.84,-57.7,0.58,-58.15,0.75,-52.19,1.22,-57.86,1.94,-52.01,1.41,ptp1b,jacs_set
298,20667,23485,0.4099998474121094,3.550828553218608,0.26782665626812807,84.17,0.55,84.62,0.55,84.79,0.86,100.31,1.22,97.79,1.4,100.05,1.54,ptp1b,jacs_set
299,20667,23486,-1.0500001907348633,-0.44694072657743716,0.47174653335182787,14.86,0.51,15.54,0.62,14.44,0.59,16.87,0.74,13.18,0.74,9.18,1.69,ptp1b,jacs_set
300,20669,23466,0.7599997520446777,2.5876354365838115,0.7926664862294904,-90.72,0.87,-89.91,0.86,-89.61,0.59,-83.2,1.37,-71.94,3.8,-82.62,1.35,ptp1b,jacs_set
301,23469,20669,-0.8899998664855957,-0.544136392606756,0.5179742821875399,5.17,0.57,4.86,0.73,7.28,0.71,0.4,1.85,2.32,1.13,7.76,1.98,ptp1b,jacs_set
302,20669,23472,-0.039999961853027295,-0.9934671765455635,0.562829873730605,-468.3,0.7,-469.63,0.65,-468.51,0.57,-477.72,1.95,-469.59,2.3,-471.6,1.66,ptp1b,jacs_set
303,23473,20669,-0.2199993133544922,0.2788400254939446,0.23055455762679147,-64.58,0.61,-63.99,0.6,-65.65,0.67,-63.26,1.24,-63.47,1.32,-63.99,1.46,ptp1b,jacs_set
304,23330,20670,1.0500001907348633,1.4579349904397716,0.2601993143689208,-33.68,0.68,-34.17,0.68,-34.52,0.61,-28.29,1.59,-26.83,1.65,-28.95,1.31,ptp1b,jacs_set
305,23466,20670,-1.2300000190734863,-1.3296685787125555,0.9629851251526135,35.98,1.04,34.99,1.26,35.71,1.11,32.8,1.28,21.51,2.2,35.68,5.11,ptp1b,jacs_set
306,23477,20670,-0.2299995422363281,0.482791586998087,0.27223710854792127,86.01,0.47,85.44,0.54,85.44,0.61,85.78,1.86,88.67,0.75,88.5,1.16,ptp1b,jacs_set
307,20670,23479,-0.060000419616699184,0.5991077119184179,0.45901074872762254,-170.45,0.58,-170.22,0.63,-169.81,0.59,-164.29,2.71,-168.31,2.13,-170.36,0.99,ptp1b,jacs_set
308,23482,20670,0.9300003051757812,0.28680688336518445,0.6774656984213553,580.46,1.3,581.34,0.79,581.39,0.9,585.91,1.11,584.99,1.77,575.89,1.88,ptp1b,jacs_set
309,23483,20670,0.7899999618530273,0.711440407903128,0.453289917033755,328.9,1.52,325.53,1.43,326.35,0.91,327.7,3.41,331.18,1.04,330.83,1.24,ptp1b,jacs_set
310,23477,23330,-1.2799997329711914,-1.3248884639898066,0.3765193566047874,121.14,0.56,119.4,0.74,121.12,0.71,117.2,2.92,114.27,0.81,113.56,1.3,ptp1b,jacs_set
311,23467,23466,-0.5099997520446778,0.7441045251752666,0.22502641374685953,-99.29,0.44,-98.09,0.63,-98.18,0.52,-96.3,1.56,-95.73,0.77,-94.19,0.89,ptp1b,jacs_set
312,23471,23466,-0.0999999046325683,1.2842574888463993,0.43605601249374804,87.59,0.65,91.12,0.59,88.89,0.66,93.8,1.35,93.82,3.44,96.1,2.16,ptp1b,jacs_set
313,23474,23466,1.2599997520446775,2.1088272785213507,0.3365230274681494,-64.77,1.12,-65.1,0.82,-64.65,1.26,-54.46,0.95,-56.15,1.89,-57.44,2.2,ptp1b,jacs_set
314,23466,23475,-0.8700003623962402,-1.322498406628426,0.2579506168574852,30.41,1.26,30.66,0.9,29.83,0.75,24.45,1.6,25.35,1.65,24.5,1.3,ptp1b,jacs_set
315,23476,23466,1.559999942779541,1.9861376673040159,1.3305281468046029,-55.54,0.98,-54.44,0.94,-67.03,0.89,-41.97,2.11,-49.89,1.02,-60.22,2.38,ptp1b,jacs_set
316,23477,23466,1.0000004768371582,1.931166347992353,0.30820029657439363,41.09,1.01,39.86,0.81,41.3,1.08,48.39,1.03,47.22,1.25,50.88,1.23,ptp1b,jacs_set
317,23467,23468,-0.4099998474121094,0.2334289356277867,0.40759594136363314,-133.02,0.48,-131.37,0.57,-133.06,0.65,-134.22,2.42,-129.7,1.94,-130.6,1.42,ptp1b,jacs_set
318,23467,23469,-0.3799996376037597,-0.9902804333970676,0.5427420795605243,-20.83,0.62,-19.15,0.66,-21.19,1.05,-22.63,3.7,-28.23,2.46,-22.74,1.58,ptp1b,jacs_set
319,23467,23470,-0.3799996376037597,-0.5608667941363853,0.6844553692735285,-284.28,0.84,-280.18,0.76,-282.03,0.91,-290.31,2.12,-282.05,1.45,-281.17,2.34,ptp1b,jacs_set
320,23467,23473,-1.0500001907348633,-1.0691523263224991,0.268871391819065,49.7,0.87,49.06,0.65,49.86,0.71,45.97,1.39,44.66,1.69,44.57,1.77,ptp1b,jacs_set
321,23467,23474,-1.7699995040893557,-2.7979604843849577,0.5081538488865158,-33.91,0.92,-34.26,0.89,-34.47,0.96,-45.94,2.41,-42.39,0.79,-49.43,2.61,ptp1b,jacs_set
322,23467,23475,-1.380000114440918,-0.783938814531549,0.29408207853514373,-69.76,1.06,-68.7,0.98,-67.57,0.72,-71.65,1.43,-72.97,1.26,-71.25,1.82,ptp1b,jacs_set
323,23467,23476,-2.0699996948242188,-2.5581580624601674,0.5402945622068692,-42.69,0.53,-42.76,0.46,-41.4,0.73,-51.58,0.95,-49.48,1.0,-57.9,1.81,ptp1b,jacs_set
324,23477,23467,1.510000228881836,1.1209369024856524,0.5768638987451649,137.95,1.02,138.77,1.07,141.18,1.2,145.87,2.35,146.15,1.29,139.95,3.71,ptp1b,jacs_set
325,23471,23468,0.0,-0.0470044614404093,0.2169999044735467,43.19,0.5,43.68,0.65,42.61,0.75,42.53,1.33,42.31,1.13,44.05,0.82,ptp1b,jacs_set
326,23469,23472,-0.929999828338623,-0.6843530911408294,0.6737707434605907,-512.39,0.53,-512.01,0.56,-511.73,0.75,-520.34,2.23,-515.22,0.92,-509.16,1.32,ptp1b,jacs_set
327,23471,23470,0.030000209808349592,-0.46765455704270165,0.2651866471091537,-80.89,0.76,-81.12,0.85,-82.25,0.69,-83.1,1.1,-83.14,1.24,-83.89,2.11,ptp1b,jacs_set
328,23477,23479,-0.2899999618530273,0.08763543658380975,0.28979431737144146,-82.54,0.66,-83.07,0.69,-83.21,0.75,-80.38,0.91,-84.34,1.18,-83.0,1.2,ptp1b,jacs_set
329,23477,23482,-1.1599998474121094,-0.42941363926066545,0.48788312757818664,-498.55,1.05,-496.62,1.03,-495.95,0.99,-496.51,1.86,-502.52,1.47,-497.48,2.33,ptp1b,jacs_set
330,23477,23483,-1.0199995040893557,-0.9464627151051644,0.6709105547676938,-240.19,1.53,-239.79,1.03,-239.58,1.13,-249.31,2.9,-239.19,1.95,-242.94,1.88,ptp1b,jacs_set
331,23480,23479,-0.4200000762939453,0.22068196303378,0.426987889608358,-19.03,0.69,-20.98,0.79,-18.78,0.67,-19.0,3.64,-16.36,1.17,-20.66,1.03,ptp1b,jacs_set
332,23482,23479,0.8699998855590821,0.02947737412363241,0.48851847566159573,431.18,0.79,428.0,1.01,432.26,0.82,429.86,2.08,433.91,0.87,428.04,1.73,ptp1b,jacs_set
333,23483,23479,0.7299995422363281,1.4173040152963687,0.43807705357954846,177.06,0.95,175.3,0.94,174.98,0.97,178.19,1.02,183.64,0.81,183.3,2.29,ptp1b,jacs_set
334,23484,23479,-1.390000343322754,-1.414913957934994,1.5731532613778816,201.81,0.72,199.53,1.17,201.14,1.04,208.16,1.2,182.35,5.55,194.21,4.11,ptp1b,jacs_set
335,23485,23479,1.869999885559082,-0.9886870618228145,0.8209477792539036,169.32,1.55,174.08,1.13,172.61,0.82,172.99,2.86,168.36,2.9,162.25,3.65,ptp1b,jacs_set
336,23486,23479,3.3299999237060547,0.5441363926067637,0.5961944267057966,246.7,0.94,243.66,0.98,245.2,0.87,244.93,1.69,246.71,1.2,250.75,5.19,ptp1b,jacs_set
337,23480,23482,-1.2899999618530271,-0.009560229445525167,0.7335888170708895,-455.49,0.63,-455.23,0.81,-454.48,0.85,-448.69,1.71,-455.51,1.33,-461.12,1.0,ptp1b,jacs_set
338,23484,23482,-2.260000228881836,0.413479923518162,0.4226290672545347,-231.6,0.81,-228.25,1.18,-230.16,1.13,-228.81,2.77,-229.15,1.89,-226.86,2.26,ptp1b,jacs_set
339,23482,23485,-1.0,1.4093371574251068,0.9604209430572357,258.73,0.98,257.94,0.99,255.66,0.83,270.98,2.23,262.86,4.51,256.18,0.91,ptp1b,jacs_set
340,23482,23486,-2.4600000381469727,-1.8777884002549297,0.9327983445391412,187.38,1.23,186.91,1.1,186.9,0.76,188.1,2.5,176.48,1.01,173.04,1.15,ptp1b,jacs_set
341,23484,23485,-3.2600002288818364,1.804493307839389,1.035941478463265,33.83,0.69,34.8,0.63,36.38,0.65,51.49,3.2,34.28,1.02,41.89,1.6,ptp1b,jacs_set
342,23484,23486,-4.720000267028808,0.24617590822179758,0.3217689909210783,-34.15,1.06,-33.59,0.75,-35.54,0.81,-33.37,2.63,-32.61,0.69,-34.21,1.85,ptp1b,jacs_set
343,23486,23485,1.4600000381469729,2.2617909496494595,0.29881827271500705,71.8,0.56,70.8,0.46,70.84,0.65,78.35,1.65,82.13,1.31,81.35,0.88,ptp1b,jacs_set
344,1b,1a,0.9800000190734866,1.1496175908221797,0.15793730123931354,-5.16,0.37,-5.0,0.46,-4.78,0.42,0.52,0.56,-1.39,0.56,0.36,0.6,thrombin,jacs_set
345,1d,1a,0.7699999809265137,2.350223072020395,0.24452712305016885,-10.13,0.29,-9.88,0.33,-10.04,0.29,2.03,0.39,-2.07,0.46,-0.51,0.38,thrombin,jacs_set
346,6e,1a,1.429999828338623,1.3591459528362015,0.1660212781437138,2.54,0.47,2.32,0.41,3.01,0.41,7.22,0.57,8.21,0.47,9.5,0.63,thrombin,jacs_set
347,6a,1b,0.7200002670288086,0.9002549394518804,0.18225431372705586,6.87,0.5,5.01,0.39,5.02,0.42,9.97,0.77,9.41,0.61,8.82,0.8,thrombin,jacs_set
348,5,1c,-0.9800004959106443,0.019917144678137808,0.2424750248678893,-32.1,0.48,-32.19,0.53,-32.45,0.52,-33.52,0.83,-30.18,0.87,-32.79,0.82,thrombin,jacs_set
349,6e,1c,0.3499994277954101,-0.590344168260038,0.18298504177526842,10.71,0.51,10.5,0.5,11.33,0.41,7.39,0.74,9.82,0.52,7.92,0.56,thrombin,jacs_set
350,1d,5,0.6700000762939454,-0.22705544933078373,0.38424542511622634,19.39,0.66,18.82,0.51,19.25,0.5,20.97,1.83,15.31,0.74,18.33,1.2,thrombin,jacs_set
351,6a,1d,0.9300003051757812,-0.29397705544933045,0.23624580750776206,10.17,0.49,10.09,0.43,11.23,0.64,10.45,0.59,7.37,0.67,9.98,0.87,thrombin,jacs_set
352,1d,7a,0.029999732971191396,0.7026768642447417,0.4270597868403701,-13.0,0.55,-13.04,0.43,-12.99,0.45,-8.58,0.68,-7.38,0.53,-14.25,0.93,thrombin,jacs_set
353,3a,6b,-0.5700006484985352,-0.5082855321861063,0.3662785607663443,-13.91,0.36,-13.43,0.53,-13.79,0.38,-14.46,1.14,-13.8,0.75,-19.25,0.92,thrombin,jacs_set
354,3a,7a,0.0999994277954101,0.7321542383683874,0.27141220769719104,-23.64,0.4,-23.41,0.51,-24.54,0.47,-22.65,0.53,-21.35,0.45,-18.4,0.63,thrombin,jacs_set
355,6a,3b,1.320000171661377,0.3824091778202663,0.36341563782352126,39.82,0.51,38.95,0.39,40.6,0.49,41.26,0.76,38.66,1.31,44.25,0.94,thrombin,jacs_set
356,6b,3b,1.0300002098083496,0.8365200764818356,0.3418571314278916,33.62,0.46,34.22,0.39,33.31,0.48,34.24,1.04,38.82,1.53,38.59,0.9,thrombin,jacs_set
357,6e,6b,0.0199995040893554,-0.3250478011472276,0.2785842727702369,3.65,0.52,4.69,0.49,4.6,0.39,5.47,0.54,1.81,0.81,1.58,0.77,thrombin,jacs_set
358,ejm_31,ejm_43,1.2799997329711914,1.6292224346717645,0.32924123262398886,79.75,0.26,79.73,0.24,79.55,0.27,89.17,0.47,83.51,0.49,86.8,0.43,tyk2,jacs_set
359,ejm_31,ejm_45,-0.0200004577636718,-0.23342893562779005,0.1287656954130082,61.11,0.32,61.19,0.34,60.22,0.33,60.66,0.55,59.29,0.46,59.64,0.47,tyk2,jacs_set
360,ejm_31,ejm_46,-1.770000457763672,-1.3185149776927976,0.17200553084143355,98.69,0.2,98.36,0.19,98.46,0.21,94.38,0.41,91.52,0.34,93.06,0.33,tyk2,jacs_set
361,ejm_47,ejm_31,0.1599998474121093,-0.06771829190567194,0.19280491007187478,-67.49,0.3,-66.23,0.27,-66.1,0.27,-68.37,0.5,-66.4,0.5,-65.9,0.65,tyk2,jacs_set
362,ejm_31,ejm_48,0.5399999618530273,0.7385277246653894,0.2938840544694395,76.41,0.29,76.3,0.31,77.12,0.3,77.92,0.67,82.41,0.61,78.77,0.87,tyk2,jacs_set
363,ejm_49,ejm_31,-1.7899999618530271,-1.4412045889101341,0.2301586673904647,-145.24,0.26,-145.1,0.33,-145.33,0.35,-153.43,0.49,-150.03,0.52,-150.3,0.62,tyk2,jacs_set
364,ejm_31,jmc_28,-1.4399995803833008,-0.5489165073295093,0.2428867188212932,102.05,0.28,101.53,0.27,102.37,0.25,100.08,0.57,97.58,0.49,101.4,0.76,tyk2,jacs_set
365,ejm_44,ejm_42,-2.3599996566772465,-3.411408540471636,0.26473676995920137,-121.25,0.23,-121.43,0.24,-120.58,0.3,-136.7,0.6,-132.88,0.69,-136.5,0.48,tyk2,jacs_set
366,ejm_45,ejm_42,-0.2199993133544922,0.4644678138941998,0.10616941941480705,-31.34,0.26,-31.27,0.26,-31.19,0.26,-28.61,0.39,-29.26,0.37,-30.1,0.41,tyk2,jacs_set
367,ejm_42,ejm_48,0.7799997329711914,0.9416826003824086,0.14178107459373065,46.74,0.29,46.04,0.29,46.84,0.29,49.4,0.53,51.22,0.44,50.82,0.44,tyk2,jacs_set
368,ejm_50,ejm_42,-0.8000001907348633,-0.34177820267686587,0.12782425005398035,-141.3,0.28,-141.23,0.25,-141.17,0.33,-141.67,0.4,-142.77,0.49,-143.55,0.37,tyk2,jacs_set
369,ejm_42,ejm_54,-0.75,-1.226896112173357,0.08635119187799097,-120.4,0.27,-120.52,0.23,-120.22,0.24,-125.97,0.36,-125.63,0.38,-124.94,0.33,tyk2,jacs_set
370,ejm_42,ejm_55,0.5699996948242188,-0.7911089866156784,0.10166962649852775,11.89,0.25,11.76,0.31,11.95,0.26,8.95,0.35,7.73,0.34,8.99,0.3,tyk2,jacs_set
371,ejm_43,ejm_55,-0.9499998092651368,-2.06022944550669,0.3161698762891831,-34.95,0.3,-34.63,0.3,-35.08,0.31,-42.19,0.48,-41.73,0.7,-46.6,0.46,tyk2,jacs_set
372,ejm_44,ejm_55,-1.7899999618530271,-3.537284894837479,0.1693611139822933,-105.55,0.37,-105.23,0.4,-105.75,0.36,-119.42,0.95,-121.37,0.63,-120.14,0.85,tyk2,jacs_set
373,jmc_23,ejm_46,0.3899993896484375,0.38718929254302203,0.05059866220767847,80.83,0.21,80.79,0.21,80.6,0.24,82.4,0.29,82.37,0.28,82.31,0.25,tyk2,jacs_set
374,ejm_47,ejm_55,0.48999977111816406,-0.6206182281708088,0.12306204519593507,-34.46,0.29,-33.08,0.27,-33.96,0.36,-37.04,0.44,-36.08,0.39,-36.17,0.43,tyk2,jacs_set
375,ejm_49,ejm_50,-1.229999542236328,-1.0739324410452522,0.13887664976150713,26.43,0.38,26.42,0.41,27.3,0.45,21.9,0.6,22.85,0.73,21.92,0.73,tyk2,jacs_set
376,ejm_55,ejm_54,-1.3199996948242188,-1.0763224984066277,0.17886034891000857,-134.88,0.22,-134.87,0.23,-134.73,0.22,-137.64,0.34,-140.46,0.41,-139.89,0.36,tyk2,jacs_set
377,jmc_23,ejm_55,2.4899997711181645,0.9114085404716369,0.07587335209030768,17.64,0.24,17.01,0.25,16.96,0.23,21.06,0.38,20.85,0.37,21.14,0.36,tyk2,jacs_set
378,jmc_23,jmc_27,0.4200000762939453,0.05497131931166271,0.08826087422189173,46.65,0.22,45.83,0.23,46.08,0.22,45.9,0.27,46.87,0.35,46.48,0.24,tyk2,jacs_set
379,jmc_23,jmc_30,0.7600002288818359,-0.1457934990439803,0.10299279980686155,68.71,0.25,68.72,0.19,68.56,0.22,67.2,0.29,68.21,0.26,68.75,0.31,tyk2,jacs_set
380,jmc_28,jmc_27,-0.3000001907348633,-0.9990439770554492,0.05328753808520834,-35.13,0.2,-34.77,0.22,-35.01,0.2,-39.21,0.23,-39.17,0.34,-39.07,0.26,tyk2,jacs_set
381,jmc_28,jmc_30,0.039999961853027295,-0.9568196303377948,0.1423124531781489,-20.78,0.21,-21.13,0.21,-20.53,0.25,-23.88,0.27,-26.09,0.26,-24.48,0.31,tyk2,jacs_set
382,13,14,2.945218086242676,4.824729126832381,0.6577767922014031,121.29,0.84,121.55,0.99,121.18,0.88,138.46,2.1,138.99,3.13,147.13,2.18,cdk8,merck
383,18-flipped,13,-0.3044519424438476,-3.0074888463989855,0.4478874256175626,-116.11,0.67,-117.23,0.66,-117.59,0.74,-132.3,1.87,-126.9,1.59,-129.48,2.77,cdk8,merck
384,19,13,-0.5461091995239258,-2.080943275971959,0.43175545663238085,-92.96,0.81,-92.94,0.97,-91.78,0.84,-99.17,2.27,-101.12,2.08,-103.51,2.59,cdk8,merck
385,13,30,-0.413116455078125,-2.9588910133843336,0.6136462995271854,170.36,0.87,170.1,0.62,171.22,0.68,153.54,1.12,157.51,1.38,163.49,1.75,cdk8,merck
386,13,42-flipped,-0.24165725708007807,-1.6905672402804242,0.3012966065332942,200.45,0.73,202.22,0.55,200.75,0.72,191.81,1.0,194.83,1.42,195.56,0.71,cdk8,merck
387,18-flipped,14,2.640766143798828,2.4028043339706824,1.258081284272495,6.9,0.51,5.92,0.65,6.27,0.61,20.06,4.14,24.72,2.18,4.47,1.74,cdk8,merck
388,14,45-flipped,-2.8533449172973637,-4.208094327597193,0.7507165445187088,107.34,1.09,109.03,0.95,106.56,0.99,92.27,2.22,93.78,2.1,84.06,4.26,cdk8,merck
389,18-flipped,15,3.290790557861328,-0.42224346717654526,0.551769731253557,65.75,0.44,69.25,0.96,69.74,0.64,65.89,0.64,70.97,0.67,62.58,0.66,cdk8,merck
390,24,15,2.65622329711914,1.7606755895474706,0.7756603986186384,178.49,0.52,180.76,0.43,185.44,1.47,192.78,1.22,185.56,1.63,188.45,5.9,cdk8,merck
391,18-flipped,16-flipped,1.6885948181152344,1.6252390057361374,0.23412473272300596,14.03,0.24,13.07,0.22,12.87,0.26,22.2,0.53,18.79,0.6,19.38,0.56,cdk8,merck
392,16-flipped,19,-1.4469375610351562,-3.2186105799872533,0.320224714999884,-39.78,0.34,-40.22,0.36,-39.47,0.34,-54.87,1.07,-51.56,1.39,-53.44,2.56,cdk8,merck
393,16-flipped,20,-1.408473014831543,-4.563416188655191,0.5354643675274666,-82.73,0.7,-82.15,0.77,-83.86,0.72,-98.09,1.19,-105.17,3.07,-102.76,2.19,cdk8,merck
394,18-flipped,17-flipped,1.9859933853149414,1.7774059910771198,0.25363664472476877,-18.21,0.21,-17.69,0.25,-16.84,0.22,-11.76,0.89,-8.05,0.86,-10.62,0.53,cdk8,merck
395,17-flipped,25,-0.8012208938598633,-1.9144359464627128,0.5019979005132844,-536.66,0.57,-535.69,0.73,-536.02,0.62,-540.67,2.05,-546.45,2.08,-545.28,3.34,cdk8,merck
396,17-flipped,42-flipped,-2.5321025848388667,-5.794295729764175,0.9499848922503135,96.98,0.68,96.15,0.58,99.65,0.45,81.52,2.1,70.42,3.9,68.11,3.29,cdk8,merck
397,18-flipped,19,0.24165725708007807,-1.058795411089867,0.462727363802114,-27.0,0.28,-25.54,0.28,-25.98,0.31,-29.82,2.79,-27.71,1.46,-34.28,1.01,cdk8,merck
398,18-flipped,43,-0.9592256546020508,-2.0164117272147832,0.46998955000599973,81.55,0.51,80.85,0.38,79.32,0.46,75.99,1.19,69.58,1.64,70.84,2.15,cdk8,merck
399,18-flipped,44-flipped,-0.5461091995239258,-3.5739324410452484,0.22507596582181041,102.92,0.5,102.04,0.51,103.61,0.48,89.24,0.9,87.0,1.11,87.47,1.01,cdk8,merck
400,18-flipped,45-flipped,-0.2125787734985351,-1.5862014021669861,0.33603462801433553,116.96,0.48,114.61,0.56,114.38,0.61,107.83,1.25,110.75,1.38,107.46,1.72,cdk8,merck
401,19,20,0.03846454620361319,-1.684990439770552,0.16256176490624277,-43.57,0.42,-43.98,0.41,-43.13,0.35,-51.65,0.81,-49.87,0.78,-50.31,0.63,cdk8,merck
402,19,21,0.982600212097168,1.5407903123008264,0.41860317605090563,75.38,0.23,75.69,0.25,76.98,0.25,78.41,0.63,84.3,0.53,84.68,0.73,cdk8,merck
403,19,22,0.4515800476074219,-0.41427660930529026,0.37671831614408136,97.18,0.3,96.37,0.31,96.26,0.27,95.91,0.73,91.34,0.64,97.36,0.9,cdk8,merck
404,19,23,1.722661018371582,0.878744423199479,0.26047681904636355,-270.18,0.33,-269.14,0.33,-269.86,0.3,-263.98,1.15,-267.38,0.83,-266.79,1.01,cdk8,merck
405,19,24,0.3929100036621094,-0.12029955385595847,0.6409705846980566,-87.9,0.26,-88.21,0.26,-88.65,0.31,-83.97,2.51,-87.9,1.12,-94.4,1.19,cdk8,merck
406,19,25,0.9431152343749999,1.4244741873804787,0.3747861498624157,-525.44,0.58,-526.28,0.59,-525.28,0.59,-516.58,1.69,-520.57,1.03,-521.97,0.6,cdk8,merck
407,19,26,0.5217790603637696,0.26688973868706106,0.44273173601306287,25.43,0.24,26.3,0.29,25.97,0.29,31.39,0.59,25.28,0.53,24.38,0.62,cdk8,merck
408,19,27,2.27316951751709,3.9404079031230075,0.7385647644286804,-98.3,0.57,-99.05,0.6,-98.58,0.69,-88.17,1.82,-82.39,2.33,-75.91,1.08,cdk8,merck
409,19,29,1.481003761291504,-2.950127469725933,0.48724501275631,-441.39,0.64,-439.94,0.76,-441.43,0.89,-449.79,1.52,-453.34,2.22,-456.66,1.86,cdk8,merck
410,19,31,-1.200882911682129,-3.1843530911408533,0.5928824127131024,67.83,0.68,64.68,0.49,68.68,0.43,49.23,2.55,56.65,1.99,55.34,1.94,cdk8,merck
411,19,32,1.1874876022338867,0.38081580624602,0.15679056442367695,-100.5,0.19,-101.18,0.2,-99.77,0.23,-98.1,0.58,-98.66,0.7,-99.91,0.62,cdk8,merck
412,19,33,-0.37465095520019526,-0.9273422562141487,0.6672543546056314,-7.74,0.28,-7.96,0.28,-7.57,0.25,-12.54,0.77,-16.96,0.61,-5.41,0.9,cdk8,merck
413,19,34,-0.4542360305786133,-2.324729126832379,0.36968599295261206,95.67,0.58,95.8,0.39,95.73,0.45,87.3,3.05,83.36,0.7,87.36,0.93,cdk8,merck
414,19,35,-0.7877664566040039,-1.4451880178457617,0.41783346180540604,106.65,0.43,107.74,0.44,107.58,0.35,100.67,1.0,98.27,0.97,104.89,1.15,cdk8,merck
415,19,36,-0.5461091995239258,-1.8092734225621399,0.4145871626690769,111.79,0.55,112.1,0.66,112.18,0.48,101.8,2.14,104.12,1.81,107.44,1.53,cdk8,merck
416,19,37,-0.7877664566040039,-3.4807202039515612,0.21330595626115248,89.24,0.42,88.79,0.43,88.89,0.53,73.19,0.78,74.23,0.67,75.81,1.35,cdk8,merck
417,19,38,-0.6547737121582031,-2.1701720841300185,0.39569310786247675,85.92,0.46,84.12,0.5,84.99,0.49,74.09,1.94,78.43,1.73,75.27,2.22,cdk8,merck
418,19,39,-0.7877664566040039,-2.734225621414913,0.29791310800363335,176.68,0.45,176.38,0.61,176.6,0.48,163.1,0.97,164.8,1.02,167.44,1.22,cdk8,merck
419,19,40,-0.4542360305786133,-3.924474187380494,0.36049500357191705,229.58,0.45,229.5,0.34,229.2,0.46,210.03,0.97,213.65,1.46,215.34,1.52,cdk8,merck
420,19,41,-0.5461091995239258,-2.8760356915232625,0.5894782160599046,111.36,0.57,108.84,0.47,108.15,0.43,95.73,0.94,102.4,2.19,94.12,1.66,cdk8,merck
421,22,21,0.5310201644897461,2.44263862332696,0.1800903637558495,-20.46,0.26,-20.41,0.29,-20.49,0.28,-9.06,0.64,-11.5,1.02,-10.14,0.57,cdk8,merck
422,22,34,-0.9058160781860352,-2.0976736775015934,0.6075080041649391,-2.46,0.38,-1.55,0.33,-2.05,0.33,-11.42,1.43,-15.48,1.87,-5.49,0.54,cdk8,merck
423,29,23,0.24165725708007807,0.08365200764818898,0.6625585233583902,159.2,0.75,159.0,0.65,159.32,0.46,165.55,1.99,154.81,1.49,158.21,0.98,cdk8,merck
424,26,25,0.42133617401123036,0.3553218610580016,0.6566912699178583,-548.72,0.55,-547.64,0.59,-549.79,0.62,-544.51,2.07,-544.01,1.78,-553.17,1.77,cdk8,merck
425,33,27,2.647820472717285,0.10516252390057307,0.3703965907513708,-87.2,0.67,-87.22,0.82,-87.14,0.71,-88.17,3.26,-86.91,1.96,-85.16,1.02,cdk8,merck
426,30,37,0.1714591979980468,-0.24378585086042096,0.18349720807416164,13.41,0.26,13.93,0.22,14.0,0.23,11.78,0.47,14.47,0.37,12.03,0.36,cdk8,merck
427,38,31,-0.5461091995239258,-1.8156469088591451,0.3443394193273077,-22.97,0.26,-22.69,0.3,-22.18,0.26,-33.61,0.41,-28.8,0.44,-28.22,0.47,cdk8,merck
428,38,32,1.8422613143920896,1.3782664117272179,0.5085478637138212,-187.86,0.58,-185.87,0.51,-186.59,0.56,-185.47,1.38,-179.85,1.31,-177.7,1.41,cdk8,merck
429,33,36,-0.1714582443237304,-1.7670490758444863,0.7473851452702016,119.94,0.65,118.89,0.55,120.23,0.67,114.46,1.22,105.17,1.03,117.25,1.71,cdk8,merck
430,35,40,0.3335304260253906,-1.5057361376673033,0.24289593185408023,118.95,0.38,118.05,0.42,118.69,0.3,112.96,0.63,110.16,0.82,113.67,0.62,cdk8,merck
431,41,35,-0.24165725708007807,0.5760038240917782,0.7234296763043766,1.11,0.34,0.81,0.36,1.26,0.37,10.78,0.6,-0.75,0.76,0.38,0.59,cdk8,merck
432,40,39,-0.3335304260253906,0.3800191204588918,0.17900139705920257,-51.64,0.22,-52.01,0.22,-50.83,0.21,-48.9,0.35,-51.46,0.29,-49.35,0.44,cdk8,merck
433,43,44-flipped,0.413116455078125,-0.1003824091778198,0.14696085576392195,24.67,0.27,24.92,0.36,25.32,0.35,24.46,0.7,25.43,0.75,23.76,0.64,cdk8,merck
434,44-flipped,45-flipped,0.3335304260253906,-0.4565009560229445,0.20403088742663567,12.52,0.43,12.85,0.31,12.01,0.35,11.75,0.81,11.03,0.5,8.87,0.6,cdk8,merck
435,CHEMBL3402741_400,CHEMBL3402763_90,-0.8837833404541016,1.2077756532823491,0.5667426217173688,-69.83,0.64,-70.22,0.61,-64.8,0.37,-66.27,1.26,-58.99,0.8,-64.43,0.63,cmet,merck
436,CHEMBL3402741_400,CHEMBL3402764_90,-0.8837833404541016,3.578712555768005,0.3979907235541871,-32.3,0.44,-32.64,0.78,-33.45,0.65,-19.24,1.05,-20.07,0.9,-14.16,0.8,cmet,merck
437,CHEMBL3402743_42,CHEMBL3402742_23,-0.3567800521850586,-2.656150414276609,0.08894660929581574,31.77,0.25,31.74,0.27,31.78,0.31,20.4,0.31,20.2,0.3,21.35,0.33,cmet,merck
438,CHEMBL3402745_200,CHEMBL3402742_23,-1.2814397811889648,-4.651848311026125,0.24037137783480783,217.32,0.42,217.66,0.41,217.21,0.49,197.37,0.95,199.96,0.82,196.47,0.73,cmet,merck
439,CHEMBL3402756_2.7_redocked,CHEMBL3402742_23,1.2692461013793943,-1.4531548757170172,0.8530317784941631,-15.37,1.96,-11.62,2.51,-17.29,1.89,-22.62,1.29,-21.05,7.27,-18.85,4.79,cmet,merck
440,CHEMBL3402742_23,CHEMBL3402763_90,0.8083362579345703,1.4420012746972588,0.10467839383245514,-49.04,0.34,-49.48,0.44,-49.57,0.34,-43.18,0.6,-43.17,0.62,-43.64,0.45,cmet,merck
441,CHEMBL3402745_200,CHEMBL3402743_42,-0.9246597290039062,-2.115200764818361,0.1559697710996077,186.1,0.5,186.41,0.58,185.88,0.46,177.47,0.92,176.92,0.96,177.45,0.99,cmet,merck
442,CHEMBL3402743_42,CHEMBL3402756_2.7_redocked,-1.6260261535644531,-2.5270873167622665,0.7444831223761648,48.9,2.06,49.86,2.63,46.69,1.29,40.75,2.17,38.24,2.92,34.74,6.2,cmet,merck
443,CHEMBL3402743_42,CHEMBL3402764_90,0.4515562057495117,1.8594646271510513,0.2215529824878357,10.96,0.24,10.95,0.29,10.73,0.31,20.4,0.35,18.89,0.42,16.69,0.48,cmet,merck
444,CHEMBL3402765_11-charged-pKa-8.1,CHEMBL3402743_42,0.7937965393066407,-0.6038878266411727,0.17814093557164137,-5.91,0.52,-5.94,0.49,-6.74,0.49,-7.39,0.58,-9.21,0.54,-9.57,0.6,cmet,merck
445,CHEMBL3402744_300,CHEMBL3402745_200,-0.24023246765136722,-1.077119184193754,0.09214655716878352,-5.02,0.19,-4.1,0.2,-4.76,0.26,-9.33,0.32,-9.44,0.34,-8.63,0.35,cmet,merck
446,CHEMBL3402747_3400,CHEMBL3402744_300,-1.4384040832519531,-1.8268005098788997,0.24935868045527204,-176.85,0.25,-176.79,0.29,-177.49,0.29,-183.04,0.55,-184.07,0.62,-186.95,0.67,cmet,merck
447,CHEMBL3402745_200,CHEMBL3402748_5300,1.941659450531006,1.3503824091778216,0.12227232952528284,194.73,0.32,194.7,0.4,195.14,0.37,200.31,0.72,200.85,0.84,200.36,0.7,cmet,merck
448,CHEMBL3402745_200,CHEMBL3402761_1_redocked,-3.1391725540161133,-5.899458253664755,0.6207472237225733,385.23,1.23,384.23,1.54,378.57,0.85,355.99,3.67,357.62,2.33,360.37,1.51,cmet,merck
449,CHEMBL3402747_3400,CHEMBL3402749_500,-1.1357479095458987,-0.18323773103888144,0.2928385756758144,218.19,0.19,218.29,0.16,218.36,0.17,219.09,0.33,214.56,0.33,218.89,0.3,cmet,merck
450,CHEMBL3402747_3400,CHEMBL3402752_30000,1.2900896072387695,0.3043339706819579,0.048068454105683986,164.28,0.17,164.32,0.19,164.25,0.2,165.56,0.17,165.83,0.19,165.28,0.21,cmet,merck
451,CHEMBL3402747_3400,CHEMBL3402754_40,-2.632204055786133,-4.859783301465897,0.27759912989108315,-219.48,0.23,-218.84,0.23,-218.92,0.19,-241.05,0.31,-240.53,0.33,-236.66,0.32,cmet,merck
452,CHEMBL3402750_400,CHEMBL3402748_5300,1.5309796333312988,2.4976099426386242,0.18199194386571826,-88.61,0.21,-88.66,0.19,-89.05,0.22,-78.57,0.53,-76.77,0.64,-79.63,0.36,cmet,merck
453,CHEMBL3402748_5300,CHEMBL3402751_2100,-0.5485048294067383,-1.7288081580624597,0.24901919091481894,10.78,0.23,10.42,0.22,10.37,0.21,2.09,1.05,5.58,0.52,2.2,0.48,cmet,merck
454,CHEMBL3402753_200,CHEMBL3402748_5300,1.941659450531006,2.4665391969407264,0.09516277607826538,-44.9,0.23,-45.13,0.31,-44.41,0.25,-34.84,0.38,-33.98,0.52,-34.66,0.42,cmet,merck
455,CHEMBL3402750_400,CHEMBL3402749_500,0.1322088241577148,1.2348629700446139,0.07839100372610408,-40.5,0.15,-40.14,0.17,-40.57,0.16,-35.93,0.2,-34.88,0.12,-34.9,0.14,cmet,merck
456,CHEMBL3402749_500,CHEMBL3402754_40,-1.4964561462402344,-2.1247609942638728,0.1450041406776913,-266.8,0.22,-266.81,0.2,-266.69,0.18,-275.27,0.22,-277.02,0.21,-274.68,0.36,cmet,merck
457,CHEMBL3402750_400,CHEMBL3402755_4200,1.3931541442871094,-0.17208413001912357,0.1897359664068943,74.9,0.18,74.13,0.19,74.28,0.18,73.85,0.19,72.06,0.29,75.24,0.21,cmet,merck
458,CHEMBL3402752_30000,CHEMBL3402751_2100,-1.5755715370178225,-0.3266411727214779,0.13890848367719438,32.98,0.16,33.23,0.15,32.84,0.15,32.69,0.14,30.35,0.11,31.91,0.13,cmet,merck
459,CHEMBL3402753_200,CHEMBL3402754_40,-0.9535675048828124,-1.3878266411727362,0.1121638133084372,-277.32,0.17,-277.29,0.18,-278.89,0.18,-283.66,0.12,-283.34,0.11,-283.92,0.17,cmet,merck
460,CHEMBL3402753_200,CHEMBL3402755_4200,1.8038339614868164,0.08763543658381313,0.09535111881366148,102.74,0.18,102.68,0.18,102.2,0.15,102.08,0.13,103.54,0.13,103.1,0.14,cmet,merck
461,CHEMBL3402756_2.7_redocked,CHEMBL3402754_40,1.5971183776855469,1.4181007010834936,0.40113155559468305,-270.0,0.83,-270.03,0.67,-269.88,0.86,-262.4,0.72,-262.18,1.25,-267.53,1.7,cmet,merck
462,CHEMBL3402754_40,CHEMBL3402757_6.5_redocked,-1.0765905380249023,-1.2460165710643665,0.24079335962630996,345.0,0.75,347.14,0.87,346.7,0.76,340.73,1.16,341.66,1.27,340.81,1.06,cmet,merck
463,CHEMBL3402761_1_redocked,CHEMBL3402755_4200,4.94300651550293,4.357871255576801,0.45102759863779773,-39.2,1.41,-36.24,0.89,-33.77,0.99,-16.74,1.76,-20.62,1.14,-17.15,0.63,cmet,merck
464,CHEMBL3402756_2.7_redocked,CHEMBL3402757_6.5_redocked,0.5205278396606445,0.2469725940089224,0.07447131283603486,76.65,0.33,76.69,0.29,76.69,0.23,78.2,0.3,77.57,0.27,77.36,0.25,cmet,merck
465,CHEMBL3402759_5.7_redocked,CHEMBL3402756_2.7_redocked,-0.4427127838134765,0.26609305289993535,0.23257433197367858,-50.78,0.28,-51.01,0.31,-50.87,0.37,-51.74,0.6,-49.72,0.42,-47.86,0.35,cmet,merck
466,CHEMBL3402757_6.5_redocked,CHEMBL3402758_10_redocked,0.2552328109741211,0.08046526449967607,0.10940551575277646,-159.88,0.33,-159.43,0.31,-160.46,0.28,-159.89,0.31,-158.91,0.38,-159.96,0.37,cmet,merck
467,CHEMBL3402760_1_redocked,CHEMBL3402757_6.5_redocked,1.1090145111083984,1.6658699808795416,0.1844539269019779,23.74,0.25,24.75,0.27,24.27,0.28,31.19,0.33,32.71,0.29,29.77,0.3,cmet,merck
468,CHEMBL3402759_5.7_redocked,CHEMBL3402758_10_redocked,0.333047866821289,-0.06054811982154845,0.20222816458733034,-139.23,0.34,-138.32,0.35,-139.21,0.4,-140.05,0.67,-137.67,1.02,-139.8,0.78,cmet,merck
469,CHEMBL3402759_5.7_redocked,CHEMBL3402762_1_redocked,-1.0311994552612305,-2.1566284257488837,0.33935410320358433,16.51,0.94,16.9,1.55,17.07,0.79,9.95,1.42,5.51,0.83,7.95,1.22,cmet,merck
470,CHEMBL3402760_1_redocked,CHEMBL3402761_1_redocked,0.0,-0.18403441682600627,0.6708864621933318,100.67,0.73,97.93,1.01,93.26,0.52,100.22,0.73,91.71,1.13,97.62,1.32,cmet,merck
471,CHEMBL3402760_1_redocked,CHEMBL3402762_1_redocked,0.0,-2.030752071383046,0.5504982549434758,20.47,0.97,19.93,1.23,28.08,0.89,13.9,0.83,14.13,1.1,14.96,1.02,cmet,merck
472,CHEMBL3402761_1_redocked,CHEMBL3402762_1_redocked,0.0,0.5536966220522617,0.794429654043982,-75.74,0.65,-79.39,1.1,-77.34,1.57,-71.45,1.22,-71.41,1.16,-82.66,1.12,cmet,merck
473,CHEMBL3402763_90,CHEMBL3402764_90,0.0,2.9493307839388154,0.22836811497889606,33.3,0.51,34.15,0.45,35.41,0.38,46.08,0.46,45.44,0.47,48.36,0.41,cmet,merck
474,CHEMBL3402765_11-charged-pKa-8.1,CHEMBL3402764_90,1.2453527450561523,1.205385595920969,0.26208062527212617,3.9,0.51,4.56,0.48,4.91,0.44,7.19,0.58,11.04,0.48,10.27,0.87,cmet,merck
475,CHEMBL1077204,CHEMBL1084143,-0.8262319564819336,-0.5043021032504813,0.6120418932896409,-208.38,1.25,-211.81,1.88,-206.93,1.97,-209.17,1.89,-208.92,0.98,-215.36,2.29,eg5,merck
476,CHEMBL1086409,CHEMBL1077204,-1.1806764602661133,-0.9137985978330054,0.39686128299137274,-185.07,0.75,-186.17,0.95,-186.37,0.75,-191.53,2.71,-187.98,2.28,-189.57,1.81,eg5,merck
477,CHEMBL1093087,CHEMBL1077204,-0.515538215637207,-3.9316443594646278,1.2927516941115809,-102.77,1.46,-99.81,3.99,-107.92,3.54,-128.87,7.72,-117.17,1.13,-113.81,3.56,eg5,merck
478,CHEMBL1077227,CHEMBL1078998,0.9592256546020508,-0.19598470363288556,0.22060314797467775,-109.8,0.37,-109.96,0.39,-110.48,0.4,-112.52,1.2,-109.81,0.78,-110.37,0.96,eg5,merck
479,CHEMBL1082249,CHEMBL1077227,-0.10866451263427729,3.3675908221797295,0.485571584300597,110.5,0.65,112.57,0.99,111.4,0.68,122.24,2.14,129.24,1.61,125.26,0.9,eg5,merck
480,CHEMBL1084115,CHEMBL1077227,-1.894120216369629,-0.26051625239005477,0.2530600323270178,98.08,0.4,99.57,0.34,99.2,0.44,97.64,0.92,99.77,0.73,96.17,0.6,eg5,merck
481,CHEMBL1077227,CHEMBL1084935,0.7956609725952148,0.30911408540471713,0.49791909082580854,99.36,0.74,97.22,0.77,96.68,0.65,98.56,1.71,102.96,1.44,95.62,1.01,eg5,merck
482,CHEMBL1078774,CHEMBL1078691,0.4131155014038086,-0.7329509241555121,0.1381177081000822,-89.36,0.37,-88.98,0.35,-89.15,0.34,-93.14,0.61,-92.07,0.65,-91.48,0.56,eg5,merck
483,CHEMBL1078691,CHEMBL1088740,1.4982805252075195,2.552581261950285,0.5521420703054438,96.54,0.31,96.68,0.29,96.32,0.24,102.35,1.06,111.82,0.77,107.41,0.83,eg5,merck
484,CHEMBL1078774,CHEMBL1084115,1.1647491455078127,0.8508604206500961,0.6669252710466652,-19.76,0.41,-19.72,0.39,-19.65,0.47,-20.99,0.95,-17.74,0.82,-9.72,0.66,eg5,merck
485,CHEMBL1078774,CHEMBL1088740,1.911396026611328,1.6387826641172722,1.2887714424151213,8.04,0.28,7.41,0.33,7.45,0.34,25.88,0.97,3.37,0.83,14.22,2.29,eg5,merck
486,CHEMBL1078774,CHEMBL1089056,1.1647491455078127,-0.8659974506054815,0.20777321414260042,18.0,0.25,18.25,0.26,18.26,0.24,15.9,0.77,14.98,0.57,12.76,0.71,eg5,merck
487,CHEMBL1084115,CHEMBL1078998,-0.9348945617675779,-0.16252390057361327,0.11012178201323695,-10.18,0.16,-10.1,0.17,-10.41,0.15,-11.44,0.19,-11.43,0.2,-9.86,0.22,eg5,merck
488,CHEMBL1089393,CHEMBL1078998,-2.00278377532959,-1.0436583811344806,0.16095048297254907,-30.09,0.26,-29.87,0.27,-29.71,0.33,-34.15,0.48,-35.52,0.56,-33.1,0.58,eg5,merck
489,CHEMBL1082248,CHEMBL1083836,0.7743730545043945,1.0564053537284899,0.24827510294794694,-22.2,0.28,-21.55,0.36,-22.05,0.36,-19.59,0.98,-16.91,0.85,-16.04,0.68,eg5,merck
490,CHEMBL1082248,CHEMBL1084678,0.5049896240234375,0.4158699808795161,0.7992516185367544,-543.4,1.18,-542.0,1.71,-545.83,3.55,-546.31,1.76,-542.13,4.13,-537.57,4.41,eg5,merck
491,CHEMBL1082249,CHEMBL1083836,0.3612565994262695,2.0227852135117854,0.6560340510331163,168.3,0.7,167.06,0.74,168.81,0.76,180.09,1.89,170.72,2.19,178.75,1.71,eg5,merck
492,CHEMBL1082249,CHEMBL1096003,-0.6547737121582031,2.348629700446141,0.5715481465605148,-315.17,0.79,-319.4,1.44,-322.67,0.75,-308.08,2.16,-308.07,1.1,-311.61,2.33,eg5,merck
493,CHEMBL1084431,CHEMBL1083517,-1.661703109741211,-2.010834926704906,0.5776348891018789,-90.9,1.86,-95.97,1.94,-91.67,1.87,-103.29,3.99,-99.48,1.88,-101.01,1.79,eg5,merck
494,CHEMBL1083517,CHEMBL1085666,0.9592247009277343,1.9096558317399617,0.24805825220401048,-5.54,0.42,-5.74,0.42,-6.13,0.36,3.31,1.13,2.9,0.91,0.35,1.27,eg5,merck
495,CHEMBL1086409,CHEMBL1083517,-1.593791961669922,-1.8706182281708097,0.1499563778898074,-123.39,0.29,-123.09,0.32,-123.02,0.35,-132.06,0.66,-130.43,0.53,-130.49,0.84,eg5,merck
496,CHEMBL1086409,CHEMBL1083836,-0.9908781051635742,0.21590184831102677,0.43492265003018543,60.14,0.24,60.65,0.3,60.35,0.31,57.08,0.79,63.94,0.9,62.83,0.76,eg5,merck
497,CHEMBL1084143,CHEMBL1084676,1.1597623825073242,1.869821542383695,1.087484621237377,321.23,0.68,319.0,1.18,324.47,1.69,319.98,2.63,337.43,1.47,330.76,0.88,eg5,merck
498,CHEMBL1096003,CHEMBL1084143,0.0,0.379222434671767,0.2571977605147045,33.01,0.69,34.23,0.91,33.43,0.81,35.74,1.06,36.04,1.57,33.65,1.01,eg5,merck
499,CHEMBL1086409,CHEMBL1084431,0.067911148071289,-0.8436902485659659,0.574119346017946,-24.56,1.67,-22.37,2.44,-23.87,0.81,-27.15,3.1,-25.24,4.43,-29.0,2.15,eg5,merck
500,CHEMBL1084677,CHEMBL1084676,0.7466459274291992,0.008763543658373158,0.771249004737803,644.2,1.31,649.65,1.87,647.47,1.41,642.26,2.55,651.63,2.42,647.54,3.88,eg5,merck
501,CHEMBL1086410,CHEMBL1084676,0.7466459274291992,-1.6905672402804377,0.641221987304435,-127.78,1.05,-128.76,0.97,-128.37,0.68,-141.31,0.84,-131.94,1.65,-132.88,2.21,eg5,merck
502,CHEMBL1084677,CHEMBL1085692,0.1329927444458007,0.9974506054812149,0.615895923404566,772.31,0.89,771.77,0.96,770.87,0.95,776.58,1.06,780.17,1.82,770.72,2.58,eg5,merck
503,CHEMBL1084678,CHEMBL1086410,-0.3335304260253906,0.13623326959846874,0.7463623385051157,494.61,3.5,496.67,1.84,495.06,0.83,492.56,1.58,502.05,1.41,493.44,3.26,eg5,merck
504,CHEMBL1093087,CHEMBL1084678,-0.5951232910156251,-2.6234862970044532,2.131106956192222,-378.9,2.38,-384.1,1.65,-391.9,1.31,-415.53,2.29,-382.01,1.45,-390.29,1.61,eg5,merck
505,CHEMBL1096002,CHEMBL1084935,0.5951232910156251,4.636711281070745,1.605378138799802,9.2,0.7,7.36,0.91,9.75,0.93,22.39,1.85,18.05,2.55,44.07,1.63,eg5,merck
506,CHEMBL1096003,CHEMBL1084935,1.3417701721191406,3.8702995538559715,1.0232175236348413,487.06,1.7,480.03,3.56,483.69,3.14,505.66,3.48,500.78,2.12,492.92,3.47,eg5,merck
507,CHEMBL1086410,CHEMBL1085666,0.9592247009277343,0.22147864882090734,0.4663591399138897,-159.59,0.4,-159.76,0.45,-159.75,0.36,-154.41,1.42,-162.06,0.9,-159.85,0.51,eg5,merck
508,CHEMBL1085692,CHEMBL1096002,0.2005376815795898,-0.023103887826640534,0.9524188124807424,37.0,1.17,35.39,1.29,37.52,1.1,29.94,2.13,45.31,1.72,34.37,1.92,eg5,merck
509,CHEMBL1085895,CHEMBL1088740,2.1708459854125977,3.0489165073295075,0.5134533450289369,319.67,1.15,320.05,0.73,319.01,0.78,329.12,2.24,335.14,3.73,332.74,0.86,eg5,merck
510,CHEMBL1089393,CHEMBL1085895,-2.4920883178710933,-1.9702039515615055,0.32099684995821276,-319.31,0.69,-321.12,0.88,-320.9,0.71,-327.37,1.68,-328.45,1.39,-330.24,1.85,eg5,merck
511,CHEMBL1086409,CHEMBL1086410,-1.593791961669922,0.838113448056087,0.2657016495235803,35.35,0.3,35.98,0.26,35.47,0.33,36.63,0.91,40.39,0.42,40.3,0.6,eg5,merck
512,CHEMBL1086409,CHEMBL1096002,-1.2602615356445312,-0.8158062460165729,0.45566991387274247,99.84,0.5,99.07,0.41,100.26,0.47,97.92,1.24,99.02,0.94,91.99,1.06,eg5,merck
513,CHEMBL1086410,CHEMBL1089056,2.0271129608154297,1.3408221797323134,0.390746969655495,-104.88,0.4,-104.16,0.36,-104.83,0.39,-99.83,0.61,-101.72,0.75,-95.49,1.26,eg5,merck
514,CHEMBL1089056,CHEMBL1093088,-1.7854557037353516,-0.270076481835563,0.20612172161566258,-21.45,0.41,-21.12,0.47,-22.14,0.48,-22.26,0.91,-21.82,1.19,-24.02,0.8,eg5,merck
515,CHEMBL1089393,CHEMBL1093088,-2.8533449172973637,-1.8849585723390685,0.3515451661777318,-22.75,0.47,-21.73,0.41,-21.97,0.46,-28.2,0.9,-28.63,0.89,-33.28,0.98,eg5,merck
516,167,1,-0.6509113311767578,-1.7311982154238381,0.6860130031907195,72.05,0.54,70.88,0.46,72.98,0.51,71.5,1.0,61.69,0.86,60.99,0.78,hif2a,merck
517,1,224,1.6645288467407229,0.7807520713830157,1.1294118261402382,328.11,0.58,326.3,0.55,326.92,0.62,339.49,2.68,320.81,2.94,330.83,1.39,hif2a,merck
518,234,1,-0.9768056869506836,-2.3757170172084123,0.17663008660030521,282.38,0.53,281.68,0.57,282.73,0.48,272.41,0.78,271.32,0.9,273.24,0.5,hif2a,merck
519,1,25,1.0415048599243164,-0.39993626513703984,0.22660196871432406,212.96,0.37,212.73,0.38,212.93,0.43,211.34,0.65,212.94,0.55,209.32,0.42,hif2a,merck
520,1,290,0.7589340209960938,-0.30672402804333243,0.4875718220146729,361.67,0.62,362.49,0.65,362.57,0.6,363.8,1.35,356.38,1.04,362.7,0.73,hif2a,merck
521,1,7b,3.930140972137451,2.0554493307839383,0.4333990894416777,-11.11,0.38,-11.47,0.43,-11.41,0.44,-6.86,0.44,0.47,0.49,-1.8,0.63,hif2a,merck
522,156,124,-0.3868169784545898,0.05576800509878924,0.7236221763209115,72.0,0.46,72.01,0.4,76.03,0.41,75.61,0.65,66.91,0.51,78.22,0.54,hif2a,merck
523,165,124,-0.8876676559448242,-1.6714467813894078,0.6261785952253921,410.42,0.33,410.44,0.43,410.78,0.33,408.37,1.01,404.58,1.05,397.71,1.0,hif2a,merck
524,227,124,0.6355218887329102,1.120936902485659,0.5613367574867726,-112.32,0.29,-113.65,0.35,-110.59,0.31,-102.37,0.93,-108.86,0.75,-111.26,0.6,hif2a,merck
525,124,50,0.4260692596435547,3.7412364563416127,0.5052330468362779,-638.31,0.23,-638.44,0.21,-638.47,0.26,-618.64,0.3,-627.43,0.63,-622.19,0.47,hif2a,merck
526,61,124,-0.015389442443847585,-0.5321861057998776,0.41911222201303544,378.06,0.44,380.09,0.29,376.07,0.26,374.05,0.68,374.2,0.63,379.29,0.86,hif2a,merck
527,7b,124,-2.7284932136535645,-4.260675589547479,0.5084967752236361,179.45,0.48,177.56,0.5,184.54,0.45,162.76,1.16,165.05,0.71,160.26,0.75,hif2a,merck
528,206,15,-0.9231777191162108,-2.1454748247291318,0.4637294944493781,287.01,0.69,286.12,0.58,289.33,0.46,282.56,0.69,275.56,0.51,277.41,0.73,hif2a,merck
529,231,15,-1.0233526229858398,-0.5744104525175073,0.1769256458795799,407.6,0.5,407.51,0.49,409.21,0.52,406.25,0.52,404.89,0.58,405.97,0.81,hif2a,merck
530,15,25,0.7630348205566406,-0.7688017845761637,0.3405505778154182,139.65,0.44,138.63,0.38,138.67,0.42,133.27,0.6,135.25,0.47,138.78,0.94,hif2a,merck
531,266,15,-0.5124979019165039,2.5717017208412982,0.5024231454530568,-290.74,0.55,-290.92,0.49,-289.77,0.45,-283.58,0.88,-280.15,0.67,-275.42,1.9,hif2a,merck
532,7b,15,-3.6516709327697763,-0.8492670490758465,0.4588027978232124,87.1,0.33,86.59,0.43,87.23,0.5,87.87,0.74,80.89,0.86,81.5,1.15,hif2a,merck
533,155,163,-0.5069694519042969,0.7217973231357508,0.27755359433319904,-360.38,0.53,-361.01,0.44,-360.88,0.71,-359.84,0.92,-355.47,0.55,-357.9,0.61,hif2a,merck
534,227,155,0.2552328109741211,2.107233906947099,0.34050755704072083,-240.41,0.42,-242.25,0.69,-240.22,0.64,-232.07,0.66,-229.61,0.58,-234.75,0.69,hif2a,merck
535,252,155,-0.7909679412841797,-1.7383683875079616,0.32191665171196554,726.61,0.62,728.95,0.68,727.96,0.76,720.45,1.42,722.08,2.11,719.17,1.12,hif2a,merck
536,42,155,-1.5636014938354492,-0.6867431485022311,0.13916275907883097,-59.38,0.36,-60.0,0.45,-59.48,0.37,-62.41,0.4,-61.54,0.33,-63.53,0.34,hif2a,merck
537,57,155,0.1704473495483398,0.4270235818992977,0.12639512480826995,-204.74,0.43,-203.82,0.56,-204.13,0.46,-201.97,0.33,-203.14,0.49,-202.22,0.51,hif2a,merck
538,156,163,-1.2740755081176758,0.8014659018483293,0.5112860403748057,-417.6,0.6,-416.56,0.58,-417.98,0.65,-410.33,0.81,-413.09,0.71,-418.66,1.23,hif2a,merck
539,234,156,0.611659049987793,-1.8586679413639202,0.5055802370572375,380.73,0.63,380.72,0.63,379.44,0.56,369.74,0.73,370.41,0.99,377.41,0.66,hif2a,merck
540,266,156,0.7974967956542969,3.85038240917783,0.6328826452870633,-269.71,0.58,-267.01,0.66,-266.7,0.49,-255.32,0.66,-254.09,0.83,-245.68,0.74,hif2a,merck
541,156,31,0.8938426971435547,2.1215742511153595,0.28714114119161366,-56.65,0.42,-58.85,0.41,-55.87,0.42,-46.2,0.53,-49.68,0.42,-48.86,0.73,hif2a,merck
542,338,156,1.0223388671875,-1.0277246653919856,0.20929693821781925,788.08,0.62,787.43,0.58,786.89,0.56,783.54,1.59,782.77,1.05,783.19,1.1,hif2a,merck
543,206,163,-0.887258529663086,-0.2860101975780732,0.16873069006684216,-113.76,0.54,-113.73,0.57,-114.55,0.7,-116.3,0.9,-114.6,0.51,-114.73,0.5,hif2a,merck
544,234,163,-0.6624164581298828,-0.5186424474187384,0.09653278501446022,-38.65,0.48,-38.81,0.59,-39.35,0.39,-41.04,0.35,-40.92,0.4,-41.36,0.31,hif2a,merck
545,237,163,-1.4605369567871094,-3.7276927979604904,0.5902834776443959,-436.79,0.38,-430.06,0.84,-428.02,0.66,-447.74,0.87,-449.08,0.63,-444.84,1.08,hif2a,merck
546,25,163,-0.7271156311035156,3.612173358827281,0.9556804930643321,-534.05,0.58,-534.69,0.53,-534.02,0.57,-509.8,2.24,-525.19,1.51,-522.43,1.28,hif2a,merck
547,251,163,-0.7666292190551759,-0.10755258126194756,0.3004750056558528,199.07,0.43,198.75,0.52,200.25,0.55,196.26,0.89,200.75,0.35,199.71,0.41,hif2a,merck
548,289,163,-0.09629058837890618,-0.030274059910774212,0.2742903818941388,79.48,0.43,79.86,0.43,78.43,0.46,81.35,0.41,76.99,0.45,79.05,0.35,hif2a,merck
549,41,163,-1.2232599258422852,0.768005098789032,0.3681400264414394,-417.45,0.5,-418.31,0.63,-416.05,0.65,-410.88,1.2,-415.25,0.67,-416.04,0.77,hif2a,merck
550,290,164,3.8009557723999023,6.1424474187380325,0.18371854463041212,-594.25,0.41,-592.77,0.38,-594.03,0.43,-567.01,0.55,-568.16,1.1,-568.78,0.7,hif2a,merck
551,164,7a,-3.232302665710449,-0.16332058636073343,0.6674383476847011,209.63,0.72,208.3,0.63,211.86,0.7,211.09,1.44,203.13,0.63,213.52,0.83,hif2a,merck
552,165,215,-1.3642463684082031,-0.9034416826003826,0.2368247032174109,38.5,0.63,38.88,0.39,37.61,0.5,33.89,0.88,36.43,0.78,33.33,0.65,hif2a,merck
553,235,165,0.8876676559448242,2.1908859145953015,0.2329290679726386,-585.09,0.51,-585.84,0.56,-585.04,0.54,-574.67,1.03,-575.9,0.68,-577.9,0.59,hif2a,merck
554,167,224,1.0136175155639648,-0.5696303377947854,0.4750388292692516,403.35,0.56,404.11,0.62,401.97,0.58,400.46,2.1,397.85,2.32,403.97,1.84,hif2a,merck
555,235,167,-0.550736427307129,2.0450924155513213,0.7923264856889558,-420.08,0.4,-418.05,0.59,-419.23,0.42,-402.73,0.75,-415.69,0.58,-413.27,0.59,hif2a,merck
556,167,41,0.8867378234863281,0.5536966220522617,0.9692190509899835,168.96,0.5,171.22,0.45,168.57,0.66,164.67,1.17,181.1,0.73,169.93,0.67,hif2a,merck
557,167,57,0.0,-1.2045889101338616,0.4801495634058269,317.43,0.52,317.06,0.53,315.42,0.51,314.37,0.48,307.01,0.68,313.41,0.59,hif2a,merck
558,206,215,-0.47657871246337885,-1.7112810707456976,0.13581860544332536,8.72,0.41,10.03,0.46,8.61,0.38,2.59,0.32,1.98,0.31,1.31,0.35,hif2a,merck
559,234,206,0.2248420715332031,-0.256532823454434,0.23542841908896447,75.2,0.62,74.27,0.67,75.26,0.51,74.71,0.7,71.92,0.58,74.88,0.75,hif2a,merck
560,206,25,-0.1601428985595703,-3.811344805608652,0.566889282080238,429.48,0.58,428.23,0.71,422.01,0.55,408.78,1.1,413.66,0.6,409.44,1.21,hif2a,merck
561,206,254,0.5732784271240234,-0.5728170809432712,0.5808075874563065,-231.08,0.59,-230.37,1.0,-238.94,0.91,-234.08,0.56,-236.49,0.4,-237.01,0.5,hif2a,merck
562,235,215,-0.47657871246337885,1.069949012109629,0.5987173085639986,-546.05,0.39,-548.38,0.4,-547.84,0.33,-547.03,0.57,-544.53,0.4,-537.28,0.88,hif2a,merck
563,215,254,1.0498571395874023,1.3424155513065665,0.4339008117745432,-240.47,0.75,-238.83,0.64,-241.16,0.6,-237.94,0.6,-234.66,0.71,-231.01,0.97,hif2a,merck
564,61,215,-0.49196815490722656,-0.5489165073295093,0.09099953365280683,5.6,0.52,5.5,0.36,5.88,0.42,3.46,0.51,3.23,0.5,3.4,0.33,hif2a,merck
565,227,252,1.0462007522583008,4.867750159337132,0.2502560290374875,-970.16,0.85,-970.05,0.52,-970.45,0.54,-951.33,1.02,-949.62,1.56,-948.61,1.09,hif2a,merck
566,227,289,-0.1554460525512695,3.7117590822179936,0.11169746674859093,-681.57,0.34,-682.12,0.42,-681.87,0.36,-666.52,0.42,-666.8,0.5,-665.65,0.46,hif2a,merck
567,227,57,0.08478546142578118,1.7686424474187386,0.09729581989616266,-35.85,0.39,-36.29,0.4,-36.53,0.4,-29.26,0.4,-28.51,0.36,-28.7,0.43,hif2a,merck
568,84,227,-3.183081150054932,-5.144996813256845,0.41068643189085413,426.38,0.38,424.21,0.44,424.95,0.43,404.42,1.25,400.08,0.48,406.46,0.64,hif2a,merck
569,23,7a,-2.9296464920043945,0.3457616316124921,0.7414933167249825,-10.44,0.52,-10.88,0.51,-10.63,0.47,-15.28,0.47,-9.99,0.45,-2.34,0.5,hif2a,merck
570,84,23,0.5080265998840332,-2.5031867431485013,0.6164907362417946,127.63,0.64,132.74,0.62,129.0,0.63,117.74,1.85,115.96,1.26,124.25,1.08,hif2a,merck
571,231,25,-0.2603178024291992,-1.9120458891013383,0.42050720059356705,546.81,0.52,546.15,0.48,546.77,0.64,535.74,0.94,537.47,0.65,542.52,0.82,hif2a,merck
572,67,231,0.148900032043457,0.4931485022307268,0.20251436620048366,-231.95,0.36,-232.04,0.54,-231.54,0.51,-230.89,0.46,-230.44,0.6,-228.01,0.52,hif2a,merck
573,234,256,-0.3258943557739258,-0.10038240917783764,0.19236984191374173,-453.55,0.54,-455.51,0.66,-454.64,0.8,-454.99,1.1,-454.53,0.7,-455.44,0.62,hif2a,merck
574,234,290,-0.21787166595458976,-2.9254302103250494,0.3057245326690914,646.32,0.43,647.96,0.41,644.43,0.57,631.9,0.4,635.39,0.51,634.7,0.64,hif2a,merck
575,338,234,0.410679817199707,1.2213193116634695,0.5004712489738856,410.76,0.6,407.99,0.52,408.99,0.64,416.02,0.86,417.21,1.23,409.84,0.79,hif2a,merck
576,61,234,-0.24023151397705073,1.2786806883365187,0.486138618708489,-75.25,0.46,-74.47,0.41,-75.34,0.42,-74.45,0.56,-66.65,0.57,-67.91,0.58,hif2a,merck
577,235,31,1.2806596755981443,2.4561822817080885,0.7775271308421804,-305.37,0.4,-305.27,0.48,-304.7,0.33,-291.0,0.57,-290.76,0.48,-302.75,0.6,hif2a,merck
578,237,290,-1.0159921646118164,-6.099426386233259,0.2481952408216331,266.2,0.35,264.63,0.5,263.84,0.47,237.96,0.51,241.2,0.57,238.95,0.54,hif2a,merck
579,338,237,1.2088003158569336,4.651051625239015,0.4066753723941589,794.61,0.67,796.22,0.58,797.59,0.64,812.08,0.58,817.38,0.93,817.34,0.86,hif2a,merck
580,25,290,-0.2825708389282226,1.0396749521988513,0.4423749895572966,147.39,0.65,151.51,0.59,149.68,0.68,151.18,1.02,157.11,1.04,153.34,0.67,hif2a,merck
581,41,25,-0.49614429473876953,-1.0317080943275962,1.168800534889269,115.45,0.42,115.46,0.48,117.24,0.35,118.81,0.51,116.39,0.6,100.0,1.54,hif2a,merck
582,25,84,2.707702159881592,4.565806246016576,0.7380373223377243,-348.61,0.46,-349.81,0.64,-346.38,0.43,-329.7,1.79,-323.02,0.77,-334.77,2.25,hif2a,merck
583,252,251,-0.5313081741333008,0.1896112173358869,0.49972738124870375,167.44,0.98,170.45,0.81,172.82,0.77,174.05,0.96,167.75,0.93,171.29,0.95,hif2a,merck
584,251,256,-0.4301071166992187,-0.20395156150414068,0.31887309184617524,-215.96,0.65,-215.55,0.7,-218.09,0.68,-217.94,1.79,-215.56,1.19,-218.66,1.04,hif2a,merck
585,30,251,0.32208442687988276,-0.2063416188655084,0.7396120167436937,-450.94,0.46,-452.99,0.59,-452.45,0.6,-445.67,0.92,-456.44,1.19,-456.86,0.41,hif2a,merck
586,41,251,-0.4566307067871094,0.8349267049075859,0.4159969394108072,-601.48,0.52,-601.77,0.5,-601.61,0.52,-601.88,0.72,-595.39,0.65,-597.11,1.55,hif2a,merck
587,54,252,-0.40283203125,-2.358986615678777,0.35288309719561245,-274.36,0.77,-272.07,0.69,-270.87,0.65,-284.64,1.15,-280.33,0.77,-281.94,0.65,hif2a,merck
588,290,254,1.0159921646118164,2.192479286169524,0.6673551291384132,-805.1,0.93,-807.59,0.7,-806.87,0.93,-791.78,1.14,-802.42,2.07,-797.84,1.23,hif2a,merck
589,7a,256,-0.6766757965087891,-0.3712555768005254,0.37467785703581885,-717.99,0.64,-720.12,0.55,-718.33,0.69,-721.51,1.05,-722.33,0.97,-717.26,1.03,hif2a,merck
590,7b,256,-3.2792296409606942,0.8636073932440799,0.6616400694526983,-726.46,0.72,-726.0,0.76,-727.43,0.69,-728.19,2.24,-717.53,1.45,-723.33,1.51,hif2a,merck
591,266,50,0.8367490768432617,6.257170172084091,0.28815794986096344,-832.25,0.42,-833.92,0.47,-832.93,0.44,-808.57,1.34,-804.69,1.04,-807.3,0.6,hif2a,merck
592,7b,266,-3.1391730308532715,-3.1620458891013286,0.36798427388768795,378.96,0.56,375.4,0.92,377.65,0.91,363.87,0.94,366.01,2.22,362.44,0.86,hif2a,merck
593,289,61,0.8063573837280273,-0.7225940089228825,0.40186632567562747,193.04,0.42,192.6,0.47,193.08,0.44,186.04,0.59,190.87,0.57,192.74,0.38,hif2a,merck
594,30,290,0.0,-2.0618228170809294,0.1772626233646088,414.86,0.3,413.34,0.38,414.81,0.34,406.08,0.76,404.83,0.8,406.22,0.81,hif2a,merck
595,54,290,-1.2562246322631836,-3.867112810707472,0.3102664463320338,782.52,0.54,782.87,0.55,784.12,0.44,768.54,0.93,764.37,0.84,768.06,0.87,hif2a,merck
596,67,290,-0.3939886093139648,-1.1177501593371597,0.22165013915902848,464.19,0.47,463.89,0.45,463.69,0.4,460.58,0.79,459.43,1.18,457.73,0.83,hif2a,merck
597,30,31,1.7233734130859375,0.9074251115360136,0.1800870499677063,83.88,0.18,83.83,0.15,84.08,0.17,86.06,0.43,88.1,0.27,89.02,0.35,hif2a,merck
598,30,336,0.7422428131103516,-0.7241873804970982,0.5868554718369398,-674.49,0.52,-674.33,0.5,-675.58,0.43,-673.02,0.58,-677.31,0.66,-683.16,1.07,hif2a,merck
599,30,41,0.7787151336669922,-0.931325685149779,0.48257005161970135,140.58,0.43,140.5,0.43,140.67,0.5,139.44,1.02,138.67,0.69,131.95,0.69,hif2a,merck
600,30,42,1.6260261535644531,0.030274059910770815,0.5304058441921486,144.37,0.48,143.03,0.47,143.37,0.38,144.48,0.36,138.79,0.44,147.88,0.42,hif2a,merck
601,30,57,-0.1080226898193359,-2.766093052899934,0.268487220432887,293.62,0.38,294.89,0.31,294.45,0.38,284.57,1.67,282.7,0.69,280.97,0.63,hif2a,merck
602,31,50,-0.8545904159545898,1.187061822817061,0.21467830284648903,-506.69,0.2,-506.39,0.2,-506.77,0.2,-501.96,0.53,-499.69,0.28,-503.3,0.35,hif2a,merck
603,57,336,0.8502655029296875,2.2211599745060724,0.4987228956777734,-967.41,0.53,-968.87,0.53,-968.43,0.61,-959.47,0.56,-962.8,1.16,-954.56,0.97,hif2a,merck
604,338,41,0.9715232849121094,-0.34735500318672613,0.41104324058363495,786.12,0.75,788.61,0.74,787.3,0.64,785.73,1.75,788.63,1.83,783.31,1.06,hif2a,merck
605,338,7b,3.364015102386475,2.196462715105176,0.5181776729163893,686.1,0.81,684.75,0.64,687.9,0.86,691.06,0.89,696.17,1.16,699.09,0.7,hif2a,merck
606,41,42,0.8473110198974609,0.6947100063734862,0.10716943480572304,2.42,0.35,2.12,0.3,2.89,0.32,4.97,0.38,6.18,0.24,5.0,0.3,hif2a,merck
607,43,41,-1.0875425338745115,-0.9074251115360086,0.1631961365304169,-60.91,0.27,-60.07,0.35,-60.64,0.38,-63.32,0.37,-63.97,0.38,-65.72,0.33,hif2a,merck
608,41,54,0.4775094985961914,3.7404397705545014,0.3855405734555648,-517.63,0.67,-517.19,0.56,-519.5,0.43,-504.35,1.04,-504.0,0.69,-499.02,0.57,hif2a,merck
609,41,7a,-0.210062026977539,0.8468769917144686,0.27648128327407634,-115.81,0.34,-115.25,0.41,-115.81,0.41,-114.13,0.64,-109.65,0.55,-112.46,0.61,hif2a,merck
610,54,42,0.3698015213012695,-2.2625876354365775,0.3029939020336054,519.26,0.47,520.26,0.44,519.28,0.44,511.55,0.74,507.94,0.88,510.91,2.21,hif2a,merck
611,43,61,-1.4081544876098633,0.726577437858527,0.5253293926387906,-364.79,0.42,-366.15,0.41,-365.63,0.6,-362.71,0.75,-357.88,0.88,-366.86,0.68,hif2a,merck
612,43,7a,-1.2976045608520508,0.5186424474187419,0.32267600762606397,-177.69,0.43,-176.79,0.46,-176.81,0.41,-172.02,0.59,-177.32,0.59,-175.44,0.48,hif2a,merck
613,54,50,-0.3874416351318359,-0.8134161886551933,0.21326623929264385,-49.7,0.34,-49.38,0.34,-48.13,0.38,-52.83,0.66,-52.97,1.84,-51.62,0.64,hif2a,merck
614,61,54,0.798121452331543,2.2546207775653224,0.3540765693105639,-210.24,0.42,-210.6,0.57,-209.68,0.46,-200.34,0.8,-203.73,0.96,-198.15,1.05,hif2a,merck
615,61,57,-0.5661258697509766,-1.369502868068838,0.4661243974662864,450.78,0.47,452.35,0.52,450.07,0.41,444.79,0.33,449.46,0.54,441.76,0.58,hif2a,merck
616,61,7a,0.1105499267578125,0.7146271510516206,0.5885139631526077,193.93,0.53,189.15,0.69,194.72,0.54,199.27,0.89,196.25,0.77,191.25,1.08,hif2a,merck
617,61,7b,2.7131037712097172,0.4843849585723469,0.3092905299710934,198.88,0.56,199.34,0.5,199.6,0.44,203.42,0.65,199.18,2.13,201.3,0.58,hif2a,merck
618,84,7a,-2.4216198921203613,-2.3557998725302745,0.4944584722804525,84.68,0.81,88.3,0.69,86.14,0.76,80.59,1.07,75.48,0.94,73.48,1.23,hif2a,merck
619,19,26,-1.6186518669128418,-3.0186424474187437,0.4426816319917899,-245.26,0.31,-244.9,0.3,-245.19,0.24,-254.34,0.5,-261.93,0.73,-256.97,0.47,pfkfb3,merck
620,31,19,1.7316851615905762,3.0863607393244092,0.5545930533487102,-62.62,0.72,-60.16,0.69,-54.81,0.23,-49.03,1.22,-44.18,0.75,-45.64,0.48,pfkfb3,merck
621,33,19,1.0561347007751465,2.860101975780749,0.296010145401544,-139.03,0.25,-139.26,0.3,-139.88,0.28,-124.68,0.57,-128.08,0.53,-129.51,0.49,pfkfb3,merck
622,59,19,0.5643830299377441,3.909337157425112,0.7443203583004497,60.39,0.64,60.72,0.65,61.69,0.61,83.43,1.35,77.62,1.71,70.82,1.45,pfkfb3,merck
623,62_flip,19,0.1409502029418945,4.264659018483103,0.3691424171517203,391.69,0.54,391.23,0.61,391.39,0.6,411.76,2.17,409.01,1.52,407.07,1.61,pfkfb3,merck
624,19,64,-1.8714909553527832,-2.6274697259400868,0.4033488053000769,-80.31,0.61,-80.97,0.64,-81.02,0.75,-95.34,1.09,-90.32,1.72,-89.62,0.99,pfkfb3,merck
625,29,20,1.1295652389526367,-1.4929891650732958,0.21794789648761395,327.84,0.44,328.51,0.45,327.46,0.38,320.95,0.66,323.02,1.25,321.1,1.35,pfkfb3,merck
626,20,35,-1.6223554611206057,-1.02214786488209,0.5000504323414925,-8.96,0.35,-9.6,0.41,-9.28,0.4,-15.47,1.24,-8.69,0.83,-16.51,0.79,pfkfb3,merck
627,43,20,-0.5187878608703613,0.8006692160611866,0.21508022909287586,-29.21,0.33,-29.17,0.3,-29.69,0.24,-26.01,0.55,-24.27,0.69,-27.74,0.38,pfkfb3,merck
628,47,20,-0.1830015182495117,-3.9890057361376656,0.7093970496213404,-25.79,0.39,-26.31,0.34,-26.5,0.31,-37.5,1.56,-49.54,0.77,-41.63,1.05,pfkfb3,merck
629,20,53,1.5188164710998535,0.2581261950286809,0.3584556939684851,6.91,0.54,6.39,0.49,6.62,0.62,7.66,1.36,9.51,2.18,5.99,2.49,pfkfb3,merck
630,65,20,0.9714441299438477,-0.8086360739324409,0.2746347937249276,1.47,0.44,1.52,0.39,0.92,0.37,-4.35,0.58,-0.22,1.18,-1.67,0.9,pfkfb3,merck
631,23,24,-0.9554452896118164,0.06851497769279677,0.7816587252213044,-95.28,0.27,-95.2,0.3,-95.12,0.3,-99.27,0.91,-98.45,0.64,-87.02,0.64,pfkfb3,merck
632,31,23,1.3680086135864258,0.16332058636073682,0.413929749496684,62.87,0.36,63.67,0.32,63.19,0.24,66.96,0.96,64.74,0.42,60.08,0.62,pfkfb3,merck
633,23,37,-2.082603454589844,-5.329827915869976,0.4617190256427053,-149.03,0.88,-148.84,0.94,-147.59,0.72,-172.19,2.39,-172.93,1.64,-167.24,1.91,pfkfb3,merck
634,43,23,0.0832009315490722,4.895634161886542,0.4067827180374902,197.9,0.49,199.44,0.81,199.83,0.75,216.68,2.3,220.79,0.78,221.15,2.23,pfkfb3,merck
635,55,23,2.721040725708008,4.570586360739331,0.4166153613886663,233.35,0.56,233.2,0.67,233.27,0.54,251.91,2.2,255.44,1.93,249.84,1.5,pfkfb3,merck
636,23,62_flip,0.22272634506225583,-3.48550031867431,0.4363047656763554,-508.97,0.61,-510.24,0.61,-509.01,0.73,-525.57,1.88,-520.7,1.65,-525.7,2.15,pfkfb3,merck
637,69,23,2.800156593322754,3.925270873167619,0.26386895458060666,210.17,0.61,209.22,0.56,208.27,0.64,227.31,1.39,224.23,1.01,225.39,0.82,pfkfb3,merck
638,24,26,-0.299530029296875,-1.6308158062460143,0.4035735503415829,-268.03,0.23,-268.19,0.21,-268.28,0.22,-278.52,0.37,-271.46,0.38,-274.99,0.32,pfkfb3,merck
639,30_flip_b,24,0.3282814025878906,-1.186265137029953,0.740862285250223,-95.16,0.27,-95.82,0.27,-95.53,0.26,-107.94,0.89,-95.84,0.33,-97.62,0.45,pfkfb3,merck
640,31,24,0.4125633239746094,1.1759082217973227,0.4659544673084079,-31.97,0.23,-31.99,0.27,-31.39,0.28,-30.15,0.41,-22.36,0.69,-28.08,0.42,pfkfb3,merck
641,36,24,-1.429373264312744,0.9392925430210319,0.4699409171998427,13.11,0.51,12.46,0.49,13.89,0.55,19.13,2.19,13.51,2.74,18.61,1.08,pfkfb3,merck
642,24,37,-1.1271581649780271,-4.770554493307836,0.4971434071978457,-53.1,0.77,-55.17,0.92,-52.56,0.9,-75.98,2.63,-69.72,1.19,-75.01,1.56,pfkfb3,merck
643,38,24,-0.11114883422851558,1.7654557042702332,0.48976387473142535,130.58,0.39,131.93,0.56,130.57,0.49,137.29,0.59,134.99,0.66,142.96,1.35,pfkfb3,merck
644,24,53,1.8722729682922363,-1.05481198215424,0.22491894102673718,-117.85,0.39,-118.37,0.51,-118.01,0.59,-121.89,1.84,-122.2,1.04,-123.38,1.15,pfkfb3,merck
645,65,24,0.6179876327514648,2.4275015933715705,0.46145379243569484,102.79,0.47,101.73,0.59,102.18,0.48,108.26,0.76,115.74,0.83,113.17,1.25,pfkfb3,merck
646,24,67,-1.3737268447875977,-4.577756532823462,0.4955666214523218,-348.98,0.6,-350.54,0.59,-349.81,0.56,-372.6,1.46,-369.15,1.73,-365.04,1.7,pfkfb3,merck
647,69,24,1.8447113037109373,3.359623964308471,0.25586365876487893,113.92,0.41,114.88,0.4,113.76,0.43,129.23,0.7,129.54,0.72,125.96,0.55,pfkfb3,merck
648,26,34,-0.8029384613037109,-0.8564372211599768,0.5978159334178779,174.38,0.23,174.8,0.23,174.28,0.23,176.11,0.41,165.68,0.84,170.92,0.45,pfkfb3,merck
649,26,36,1.7289032936096191,-0.5258126195028722,0.3806755951884693,237.48,0.49,238.37,0.58,237.23,0.5,232.86,2.38,235.66,1.03,237.96,1.11,pfkfb3,merck
650,56,26,1.3962812423706057,2.5231038878266423,1.1449859439405619,-107.29,0.7,-107.48,0.39,-106.21,0.62,-93.19,0.66,-88.33,0.7,-107.79,1.13,pfkfb3,merck
651,26,57,-1.304948806762695,-3.1636392606755854,0.1737279515503824,147.75,0.49,147.65,0.41,147.49,0.44,134.24,0.99,135.32,0.77,133.62,1.05,pfkfb3,merck
652,26,60_adjust,1.0257034301757812,-1.2237093690248577,0.9156442836213051,87.02,0.57,86.33,0.53,85.75,0.39,90.41,1.17,75.76,0.91,77.57,0.8,pfkfb3,merck
653,26,62_flip,1.4777016639709473,-3.640057361376677,0.4099833259439452,-162.95,0.41,-163.89,0.41,-164.73,0.54,-175.93,1.06,-178.81,0.91,-182.52,0.66,pfkfb3,merck
654,26,68,-0.6087884902954102,-3.4823135755258123,0.31274895835536204,66.91,0.47,68.27,0.4,67.47,0.53,50.4,0.71,55.33,0.86,53.21,0.68,pfkfb3,merck
655,29,39,2.4485158920288086,1.3487890376035718,0.5929253663506693,215.0,0.36,214.94,0.31,214.36,0.34,224.95,0.87,221.41,0.9,214.87,0.84,pfkfb3,merck
656,29,46,1.786658763885498,1.3830465264499736,0.289403832933374,405.16,0.38,405.86,0.3,405.98,0.28,414.05,0.91,410.38,0.85,409.93,0.75,pfkfb3,merck
657,29,52,-0.7492551803588867,0.17925430210326407,0.4408715070676931,325.32,0.27,325.71,0.33,325.39,0.32,322.5,0.44,326.12,1.17,330.05,0.6,pfkfb3,merck
658,29,54,1.4664316177368164,1.8881453154875663,0.48300969147326817,333.87,0.31,332.67,0.3,333.73,0.37,338.17,0.81,339.87,0.63,345.93,0.72,pfkfb3,merck
659,29,57,-0.8283700942993164,-1.8586679413639338,0.8389239867866156,349.3,0.26,348.63,0.29,349.04,0.28,348.61,0.32,341.26,0.45,333.77,0.46,pfkfb3,merck
660,29,68,-0.1322097778320312,-1.9717973231357553,0.4578894151566962,268.05,0.33,267.83,0.31,268.06,0.3,256.66,0.47,264.21,0.54,258.32,0.63,pfkfb3,merck
661,29,69,-1.0686025619506836,-2.527087316762253,0.19690022433478616,338.85,0.33,338.53,0.27,338.0,0.33,329.57,0.82,326.8,0.35,327.29,0.56,pfkfb3,merck
662,30_flip_b,31,-0.08428192138671868,-1.5893881453154906,0.25083601465407757,-63.36,0.26,-63.17,0.29,-63.36,0.23,-68.96,0.34,-68.47,0.31,-72.41,0.52,pfkfb3,merck
663,30_flip_b,34,-0.7741870880126953,-2.222753346080302,0.5201200802654217,-190.09,0.27,-190.68,0.31,-191.09,0.32,-201.62,0.67,-203.35,0.46,-194.79,0.4,pfkfb3,merck
664,30_flip_b,43,1.2005257606506348,-2.9899617590822225,0.5584611553595064,-209.53,0.75,-208.39,0.82,-202.04,0.44,-220.57,1.65,-219.69,2.42,-217.23,0.98,pfkfb3,merck
665,30_flip_b,53,2.200554370880127,-1.1583811344805601,0.6752614500390901,-214.92,0.78,-223.86,0.94,-216.76,0.54,-223.43,3.69,-225.48,0.84,-221.17,1.58,pfkfb3,merck
666,56,30_flip_b,1.3675298690795898,5.002390057361385,0.4666142896094583,242.74,0.35,242.52,0.6,241.64,0.43,261.06,0.79,260.92,0.62,267.71,1.32,pfkfb3,merck
667,30_flip_b,64,-0.22408771514892573,-1.1097833014659046,0.8035940955853049,-205.46,1.94,-199.93,0.49,-206.88,0.91,-215.26,0.72,-206.96,0.9,-203.98,0.77,pfkfb3,merck
668,30_flip_b,67,-1.045445442199707,-4.149936265137018,1.3925261840785776,-447.98,0.62,-445.56,0.62,-455.55,0.81,-467.83,0.8,-455.71,1.36,-477.64,2.11,pfkfb3,merck
669,33,31,-0.6755504608154297,-0.08524537922243525,0.11335850401796747,-84.19,0.25,-84.47,0.27,-84.23,0.24,-85.09,0.27,-83.68,0.43,-85.19,0.3,pfkfb3,merck
670,31,42,0.8156700134277344,-1.977374123645629,0.37045538740939193,-92.29,0.59,-91.82,0.5,-93.6,0.51,-99.85,2.05,-99.3,1.91,-103.38,1.2,pfkfb3,merck
671,31,62_flip,1.5907349586486816,-1.801306564690878,0.6725983954210731,-448.51,0.57,-454.2,0.62,-448.76,0.46,-457.91,1.25,-462.95,0.64,-453.22,0.55,pfkfb3,merck
672,31,63,0.7208356857299805,0.22546207775653154,0.48511096614093746,-140.22,0.55,-134.92,0.49,-140.94,0.57,-134.99,0.73,-138.87,0.83,-139.39,1.24,pfkfb3,merck
673,69,31,1.432147979736328,3.0027087316762264,0.2223924393659851,150.81,0.75,148.52,0.44,147.66,0.4,161.56,0.72,161.11,0.57,162.01,0.57,pfkfb3,merck
674,31,70,-1.0214691162109375,-2.38846398980243,0.40588472690938265,-174.7,0.66,-171.76,0.65,-170.64,0.34,-185.51,0.64,-180.86,0.63,-180.71,0.73,pfkfb3,merck
675,35,33,1.531886100769043,1.8570745697896773,0.18355246063320693,249.55,0.37,250.9,0.5,250.39,0.33,259.29,0.67,257.92,0.58,256.94,0.59,pfkfb3,merck
676,36,33,-1.1663861274719238,-0.6102613129381758,0.7366287368347813,130.21,0.49,129.38,0.56,128.91,0.53,132.18,3.4,127.76,2.25,120.9,1.08,pfkfb3,merck
677,33,53,1.609285831451416,-0.23263224984066863,0.27186898569504764,-234.97,0.45,-234.22,0.57,-234.13,0.57,-233.58,0.86,-236.52,1.27,-236.14,1.63,pfkfb3,merck
678,33,56,-1.9587984085083008,-2.777246653919695,0.21522178987200036,-260.06,0.54,-260.7,0.5,-260.65,0.42,-271.81,0.73,-270.72,0.49,-273.74,0.89,pfkfb3,merck
679,33,68,-1.1713056564331057,-2.802740599107704,0.23878711612478531,-300.68,0.51,-298.94,0.57,-298.83,0.58,-310.82,0.65,-309.98,0.8,-312.83,0.7,pfkfb3,merck
680,33,70,-1.6970195770263672,-2.695984703632887,0.19334946621815516,-250.31,0.47,-250.28,0.43,-249.81,0.49,-262.04,0.73,-262.32,0.64,-259.88,0.61,pfkfb3,merck
681,63,34,-1.410740852355957,1.6340025493945178,0.2239532771564705,22.99,0.44,22.59,0.46,23.51,0.43,31.68,0.77,28.72,1.11,29.2,0.5,pfkfb3,merck
682,34,67,-0.2712583541870117,-4.308476736775009,0.5443299905709104,-274.11,0.5,-273.62,0.58,-273.46,0.56,-290.73,1.03,-287.74,1.09,-296.8,1.0,pfkfb3,merck
683,70,34,0.3315639495849609,2.605959209687698,0.31774072656336383,58.02,0.39,56.85,0.41,59.84,0.5,66.63,0.69,70.78,0.49,70.01,0.53,pfkfb3,merck
684,43,35,-2.141143321990967,0.11711281070745659,0.317408776730604,-30.28,0.4,-30.48,0.45,-29.67,0.42,-31.44,2.04,-30.37,0.57,-27.15,0.74,pfkfb3,merck
685,35,52,-0.2564649581909179,1.3559592096876991,0.18957782634080952,7.16,0.29,7.39,0.32,7.25,0.28,12.85,0.42,14.53,0.39,11.44,0.48,pfkfb3,merck
686,56,35,0.4269123077392578,1.2284894837476101,0.0885017186104513,10.16,0.3,10.62,0.33,10.22,0.21,15.65,0.34,14.93,0.5,15.84,0.25,pfkfb3,merck
687,35,68,0.3605804443359375,-0.996653919694073,0.19831381152006336,-49.87,0.35,-49.97,0.34,-49.72,0.31,-55.88,0.5,-53.21,0.49,-52.98,0.48,pfkfb3,merck
688,35,70,-0.1651334762573242,-0.7488846398980243,0.14903518534082155,-0.25,0.34,-0.46,0.31,-0.51,0.24,-4.11,0.35,-2.18,0.31,-4.33,0.32,pfkfb3,merck
689,42,36,1.0262665748596191,3.5890694710006357,0.7652551364064213,44.81,0.46,44.87,0.49,44.63,0.33,59.51,4.49,54.53,2.45,65.32,2.29,pfkfb3,merck
690,36,52,-2.9547371864318848,-0.4333970681963066,0.6154838263555402,-113.29,0.4,-113.52,0.45,-113.34,0.36,-117.48,1.11,-109.96,1.43,-118.15,3.8,pfkfb3,merck
691,69,36,3.2740845680236816,2.8449649458253705,0.4768351273578129,98.51,0.48,98.32,0.46,98.76,0.49,114.89,1.24,108.83,1.71,107.58,0.91,pfkfb3,merck
692,62_flip,37,-2.3053297996521005,0.44614404079031417,0.3241418628084003,378.93,1.36,379.4,1.17,377.75,0.76,378.54,1.32,381.29,1.65,381.85,0.73,pfkfb3,merck
693,70,37,0.3068742752075195,0.9241555130656419,0.4108990667011257,98.36,0.88,97.99,1.1,98.51,0.89,101.22,1.11,104.97,1.79,100.27,2.59,pfkfb3,merck
694,42,38,-0.2919578552246094,0.7664117272147891,0.14484297170719163,-71.7,0.29,-71.05,0.29,-71.11,0.31,-66.95,0.63,-68.61,0.61,-68.68,0.45,pfkfb3,merck
695,38,46,0.8994011878967284,1.4427979604843806,0.7702148629522957,85.01,0.36,84.55,0.35,84.86,0.36,91.27,1.08,97.3,0.9,83.96,1.22,pfkfb3,merck
696,38,48,0.7524013519287109,0.732950924155513,0.376734807856156,13.2,0.39,11.47,0.34,13.27,0.45,18.6,0.65,15.99,0.52,12.55,0.99,pfkfb3,merck
697,38,58,-0.37439346313476557,-0.3704588910133843,0.40058099687987253,-1.42,0.27,-1.13,0.3,-1.45,0.32,-2.41,0.35,0.37,0.52,-6.61,0.37,pfkfb3,merck
698,38,60_adjust,0.6150245666503906,1.1727214786488207,0.336355232317227,8.48,0.34,7.88,0.29,7.81,0.33,13.79,0.69,15.26,0.92,9.84,0.47,pfkfb3,merck
699,43,39,0.8001627922058105,2.791586998087956,0.23713725696150673,-142.36,0.29,-142.11,0.29,-142.96,0.29,-131.15,0.65,-128.81,0.67,-132.43,0.65,pfkfb3,merck
700,39,46,-0.6618571281433105,1.462715105162525,0.36985297766184294,190.82,0.33,189.86,0.35,190.54,0.34,193.31,0.82,199.42,0.89,196.85,0.7,pfkfb3,merck
701,39,53,0.1998658180236816,-0.6556724028043354,0.5868934261894888,118.76,0.4,119.44,0.49,119.91,0.55,114.78,1.02,113.8,3.09,121.3,2.87,pfkfb3,merck
702,39,55,-3.438002586364746,-3.7802740599107705,0.33730855872681664,103.83,0.34,104.18,0.38,104.45,0.38,85.16,0.66,90.34,0.88,89.51,0.79,pfkfb3,merck
703,59,39,0.9176683425903319,0.872370936902487,0.4588910138608043,-153.47,0.43,-153.9,0.27,-153.84,0.34,-145.64,0.87,-153.01,0.64,-151.61,0.65,pfkfb3,merck
704,60_adjust,39,0.9462337493896484,-1.3702995538559628,0.662314979217837,-114.26,0.35,-113.92,0.35,-114.34,0.31,-116.49,1.57,-116.92,1.8,-126.31,1.73,pfkfb3,merck
705,41,55,-3.247812271118164,-1.0898661567877634,0.7296650321646341,-34.8,0.51,-35.15,0.38,-34.76,0.5,-44.39,0.96,-41.65,1.24,-32.35,0.74,pfkfb3,merck
706,59,41,0.72747802734375,-2.2458572339069476,0.3071208625580326,-12.38,0.43,-13.46,0.43,-13.15,0.48,-21.88,1.9,-20.79,1.1,-24.51,1.04,pfkfb3,merck
707,41,68,-2.390535354614258,-0.7162205226258771,0.7785463644059181,-103.5,0.59,-105.31,0.5,-104.45,0.44,-110.35,2.7,-111.8,1.64,-100.1,2.23,pfkfb3,merck
708,41,70,-2.91624927520752,-0.7106437221159972,0.2948197506651613,-29.43,0.55,-27.81,0.42,-28.07,0.39,-29.8,2.3,-32.7,0.78,-31.73,1.19,pfkfb3,merck
709,42,44,-1.48187255859375,2.1351179094964956,0.13528518683755303,-47.73,0.32,-47.84,0.34,-47.86,0.29,-38.36,0.83,-39.5,0.94,-38.77,0.72,pfkfb3,merck
710,49,42,-0.5325107574462891,-3.139738687061827,0.4639929217533037,189.35,0.34,190.47,0.34,190.11,0.34,173.85,0.73,175.32,0.48,181.35,0.69,pfkfb3,merck
711,42,58,-0.666351318359375,0.6389420012746969,0.25708672092419926,-74.04,0.39,-73.78,0.39,-73.77,0.41,-69.95,1.1,-73.45,0.63,-70.17,0.81,pfkfb3,merck
712,42,60_adjust,0.3230667114257812,3.913320586360736,0.7182237043314247,-65.4,0.42,-64.92,0.48,-65.51,0.41,-43.73,4.4,-48.49,1.4,-54.49,1.02,pfkfb3,merck
713,65,42,1.0210943222045898,-1.2189292543021035,0.8269416614692348,68.45,0.35,68.17,0.45,68.68,0.34,66.06,0.76,68.81,1.35,55.13,0.82,pfkfb3,merck
714,43,52,-2.3976082801818848,2.7071383046526454,0.6582255167994143,-22.96,0.48,-22.64,0.55,-23.3,0.43,-14.72,1.2,-5.17,1.09,-15.03,1.08,pfkfb3,merck
715,43,63,-0.563971996307373,1.298597833014659,0.15743175483371338,-31.56,0.39,-30.94,0.32,-30.67,0.38,-26.42,0.89,-25.77,0.66,-24.68,0.65,pfkfb3,merck
716,43,69,-2.7169556617736816,-0.9098151688973873,0.5910305548929256,-20.07,0.35,-19.86,0.42,-19.06,0.38,-28.09,0.83,-24.25,0.87,-18.07,1.09,pfkfb3,merck
717,44,46,2.089315891265869,1.5623008285532174,0.09644234950839084,50.93,0.3,51.3,0.31,51.0,0.26,57.83,0.31,56.9,0.33,58.11,0.31,pfkfb3,merck
718,47,44,-1.6152238845825195,-2.835404716379859,0.43126800529885917,0.51,0.24,1.06,0.24,0.4,0.3,-13.85,0.44,-12.88,0.44,-6.89,0.46,pfkfb3,merck
719,47,46,0.4740920066833496,-0.6747928616953484,0.28396839646670974,55.59,0.38,55.37,0.31,55.61,0.29,55.47,0.61,50.95,0.34,51.68,0.38,pfkfb3,merck
720,49,47,-0.3991594314575195,-0.16571064372211472,0.8063955655605775,135.51,0.36,135.85,0.32,135.39,0.33,143.07,0.89,130.4,0.66,131.2,0.95,pfkfb3,merck
721,47,54,0.1538648605346679,0.5927342256214159,1.0464604128465635,-19.88,0.57,-20.57,0.51,-20.14,0.49,-20.2,1.3,-7.62,1.27,-25.33,1.34,pfkfb3,merck
722,59,47,-0.2182807922363281,2.127151051625239,0.16817099096883265,-14.02,0.32,-14.15,0.32,-14.55,0.31,-5.95,0.92,-5.97,0.53,-4.1,0.82,pfkfb3,merck
723,47,64,-1.088827133178711,-1.817240280433395,0.5831110958795838,-37.98,0.3,-38.43,0.34,-37.42,0.3,-42.76,0.38,-42.43,0.45,-51.45,0.55,pfkfb3,merck
724,49,48,-0.0720672607421875,0.11312938177182817,0.6224238633540038,128.07,0.35,128.58,0.34,128.47,0.3,135.03,1.13,126.53,0.83,124.98,0.82,pfkfb3,merck
725,48,53,1.0087227821350098,-0.5178457616316124,0.3748595527562563,2.0,0.5,0.46,0.44,1.59,0.55,2.16,1.24,-1.52,1.02,-3.09,1.61,pfkfb3,merck
726,48,63,-0.5552778244018555,-2.2084130019120454,0.24612130583416353,-15.55,0.44,-15.8,0.39,-14.35,0.32,-22.81,0.57,-26.36,0.88,-24.25,0.55,pfkfb3,merck
727,49,64,-1.4879865646362305,-1.8602613129381733,0.6933106778041614,111.15,0.35,112.23,0.41,111.7,0.34,98.44,0.96,102.92,0.58,110.37,0.8,pfkfb3,merck
728,55,52,0.24023151397705073,2.6258763543658388,0.34819321084015264,11.19,0.31,11.12,0.3,10.25,0.31,25.19,0.36,19.48,0.47,20.85,0.47,pfkfb3,merck
729,58,52,-1.2621192932128906,0.15057361376673026,0.405922670458506,-2.55,0.37,-3.06,0.32,-2.33,0.36,0.21,0.74,-6.03,0.6,-0.23,0.49,pfkfb3,merck
730,52,64,0.9729948043823243,-0.48518164435946487,0.13965694290003192,22.46,0.39,22.72,0.32,22.87,0.33,21.18,0.55,19.65,0.62,21.13,0.61,pfkfb3,merck
731,67,53,3.245999813079834,4.316443594646271,0.6189678910139351,233.16,0.41,232.9,0.71,232.51,0.52,246.26,2.2,255.43,1.98,251.06,2.85,pfkfb3,merck
732,68,53,2.780591487884521,2.766889738687062,0.3769617980284823,66.34,0.45,65.71,0.39,66.14,0.46,80.75,1.85,75.66,1.48,76.51,1.29,pfkfb3,merck
733,56,54,2.386134147644043,4.671765455704272,0.3945970402734693,25.67,0.31,25.15,0.38,24.84,0.31,41.33,0.49,44.85,0.57,48.12,0.58,pfkfb3,merck
734,54,57,-2.294801712036133,-4.586520076481836,0.16426235215455912,23.71,0.3,24.1,0.29,24.02,0.3,3.7,0.43,4.77,1.06,5.79,0.7,pfkfb3,merck
735,62_flip,54,-0.4878487586975097,5.65089228808159,0.35877766851845094,295.95,0.39,295.21,0.44,294.83,0.32,316.53,1.05,318.43,1.01,321.96,1.45,pfkfb3,merck
736,67,54,2.06404972076416,5.854047163798592,0.5587991739832725,231.27,0.45,231.85,0.51,231.96,0.5,259.59,1.44,252.45,4.31,256.52,1.27,pfkfb3,merck
737,58,55,-1.5023508071899414,-1.735181644359465,0.21530813385147465,-13.27,0.34,-13.31,0.31,-13.41,0.28,-20.18,0.76,-19.12,0.54,-22.47,0.44,pfkfb3,merck
738,67,55,-0.39186859130859364,0.7225940089228757,0.24249956444517554,213.6,0.39,212.89,0.46,212.98,0.34,214.1,0.73,216.54,0.73,217.9,0.52,pfkfb3,merck
739,56,63,2.004083633422852,1.4937858508604223,0.2231698081096908,44.82,0.29,44.98,0.36,44.84,0.32,49.7,0.55,50.6,0.83,53.09,0.65,pfkfb3,merck
740,56,67,0.32208442687988276,-1.475462077756529,0.559219533761276,-206.72,0.35,-205.9,0.35,-205.76,0.35,-216.11,0.96,-206.91,0.76,-213.88,0.68,pfkfb3,merck
741,57,70,0.1704463958740234,-0.5218291905672386,0.18187713238563075,-21.94,0.26,-22.38,0.3,-22.08,0.24,-23.48,0.29,-26.07,0.35,-23.4,0.41,pfkfb3,merck
742,59,58,-1.0179834365844729,-0.783938814531549,0.1246669562299962,-48.57,0.26,-47.95,0.29,-48.32,0.28,-51.43,0.45,-50.82,0.49,-52.43,0.57,pfkfb3,merck
743,58,64,-0.2891244888305664,0.583173996175908,0.1646856110339924,9.57,0.29,9.78,0.26,9.57,0.25,13.37,0.3,10.65,0.39,12.22,0.27,pfkfb3,merck
744,65,58,0.3547430038452148,0.6381453154875717,0.21832287462611683,-15.99,0.31,-16.29,0.34,-16.66,0.26,-11.66,0.4,-14.07,0.46,-15.2,0.36,pfkfb3,merck
745,59,68,-1.6630573272705078,-2.8266411727214753,0.43888469781078504,-117.47,0.24,-117.83,0.29,-118.5,0.27,-125.77,0.59,-133.19,0.68,-130.32,0.92,pfkfb3,merck
746,59,70,-2.188771247863769,-2.7071383046526436,0.09895880873929798,-42.08,0.25,-42.05,0.28,-42.15,0.3,-53.34,0.81,-53.37,0.58,-53.55,0.51,pfkfb3,merck
747,60_adjust,69,-2.570884704589844,-3.4448693435309106,0.31419572615606617,36.49,0.32,36.02,0.27,35.49,0.28,22.26,0.7,23.77,0.62,18.73,0.62,pfkfb3,merck
748,62_flip,68,-2.0864901542663574,1.1081899298916482,0.32309183916128414,226.56,0.28,226.92,0.29,227.03,0.34,229.17,0.56,234.38,1.15,230.87,0.35,pfkfb3,merck
749,65,63,0.926259994506836,0.3473550031867431,0.1959373780796346,11.62,0.29,11.69,0.29,11.69,0.36,14.97,0.3,12.5,0.33,11.89,0.5,pfkfb3,merck
750,63,70,-1.742304801940918,-2.025971956660294,0.12206246731506247,-24.38,0.32,-23.84,0.38,-23.66,0.29,-33.21,0.44,-31.76,0.44,-32.34,0.52,pfkfb3,merck
751,65,64,0.0656185150146484,0.8213830465264499,0.49725213609301433,-10.15,0.37,-10.18,0.33,-9.86,0.25,-11.58,0.61,-3.43,0.53,-4.87,0.38,pfkfb3,merck
752,65,67,-0.7557392120361328,-2.2586042065009595,0.15491499305673892,-247.79,0.34,-247.69,0.27,-247.92,0.4,-257.2,0.44,-256.08,0.37,-258.47,0.45,pfkfb3,merck
753,65,68,-0.2903308868408203,-0.7034735500318662,0.12493039768825777,-80.06,0.31,-79.98,0.29,-79.9,0.33,-82.7,0.49,-82.26,0.52,-83.81,0.54,pfkfb3,merck
754,67,69,-0.47098445892333973,1.2707138304652703,0.2664710537361958,246.55,0.38,246.23,0.35,246.8,0.29,250.65,0.65,254.35,0.64,250.53,0.6,pfkfb3,merck
755,Example-29,10,0.46850156784057606,0.3441682600382403,0.48806137508561953,239.78,0.51,240.37,0.5,240.13,0.61,241.7,0.8,237.3,0.83,245.6,0.87,shp2,merck
756,SHP099-1-Example-7,10,2.5983667373657227,2.7660930528999406,0.3312728081913841,211.86,0.34,211.28,0.45,211.73,0.5,220.05,0.46,225.45,0.51,224.09,0.63,shp2,merck
757,11,Example-24,-2.7231316566467285,-3.528521351179095,0.5134947362919208,-66.46,0.55,-65.3,0.54,-65.84,0.44,-83.4,1.94,-81.24,2.32,-77.25,3.35,shp2,merck
758,Example-2,3,2.813279151916504,1.7789993626513825,0.9116747003405038,311.78,0.58,311.94,0.65,312.13,0.6,310.5,1.36,325.11,1.64,322.57,1.46,shp2,merck
759,3,Example-27,-3.0555858612060547,-1.5686743148502635,0.3010557894002325,1314.91,0.46,1315.1,0.34,1315.3,0.48,1309.28,0.71,1310.46,0.86,1305.88,0.91,shp2,merck
760,4,Example-27,-2.6964592933654785,-0.6875398342893287,0.1786968856920963,1301.0,0.45,1301.19,0.38,1301.14,0.55,1299.16,0.77,1298.32,1.13,1297.22,0.81,shp2,merck
761,Example-1,6,0.9581422805786133,0.222275334608039,0.41483956949269807,104.24,0.51,104.1,0.52,103.97,0.59,101.56,0.76,104.98,0.96,108.56,0.71,shp2,merck
762,Example-2,Example-1,-0.7119560241699218,-1.955863607393244,0.15901132351849676,-4.54,0.53,-4.46,0.48,-4.44,0.53,-11.56,0.51,-12.74,0.67,-13.69,0.42,shp2,merck
763,Example-1,Example-30,-0.1689186096191406,-1.7622689611217608,0.22983245581301343,834.46,0.51,833.82,0.43,833.36,0.49,828.08,0.64,824.75,0.65,826.69,0.67,shp2,merck
764,Example-1,Example-5,1.4250845909118652,1.1528043339706864,0.5122125530428243,-101.91,0.54,-101.88,0.53,-102.7,0.51,-96.0,1.23,-102.13,0.97,-93.89,1.09,shp2,merck
765,Example-6,Example-1,0.0810871124267578,0.31150414276609506,0.2064940957777716,155.48,0.54,155.73,0.6,156.17,0.52,157.46,0.71,155.59,0.61,158.24,0.94,shp2,merck
766,Example-14,Example-27,1.259699821472168,3.8256851497769264,1.009589165441975,235.87,0.7,236.63,0.74,236.79,0.49,251.95,1.54,244.18,1.89,261.18,3.09,shp2,merck
767,Example-14,Example-8,0.0658998489379882,4.010516252390057,0.2616016177297584,70.13,0.85,69.47,0.88,69.56,0.89,84.68,0.91,87.24,1.28,87.58,0.91,shp2,merck
768,Example-14,Example-9,0.9841327667236328,1.8275971956660328,0.7858877700562407,56.7,1.03,62.52,1.12,62.8,1.04,73.45,1.71,62.36,1.28,69.15,1.45,shp2,merck
769,Example-22,Example-23,0.4984951019287108,-0.4373804971319307,0.17874330573197492,18.97,0.45,19.29,0.67,20.42,0.46,18.4,0.61,18.19,0.66,16.6,0.57,shp2,merck
770,Example-22,Example-24,0.1616172790527343,1.0500318674314844,0.23130645342093029,-24.6,0.51,-24.79,0.45,-25.72,0.63,-20.03,0.58,-19.29,0.59,-22.61,0.41,shp2,merck
771,Example-22,Example-9,0.4447393417358398,-3.195506692160606,0.9604775153799195,167.52,0.55,167.64,0.49,168.77,0.59,157.86,2.89,145.31,1.28,160.65,0.89,shp2,merck
772,Example-24,Example-23,0.3368778228759765,-1.1448374760994262,0.4523727073172646,44.77,0.44,43.95,0.48,44.67,0.45,42.75,0.72,35.41,0.81,40.86,0.9,shp2,merck
773,Example-23,Example-3,0.5244674682617188,0.2541427660930391,0.6218885834129784,-1301.85,0.75,-1301.98,0.56,-1301.18,0.73,-1304.89,4.9,-1298.96,1.73,-1297.97,1.18,shp2,merck
774,Example-26,Example-24,-0.11816596984863278,1.3025812619502841,0.42679602436387326,133.79,0.72,136.14,0.83,135.03,0.5,140.06,1.28,143.58,1.34,137.67,1.95,shp2,merck
775,SHP099-1-Example-7,Example-24,0.6754312515258789,2.090503505417464,0.3051509412752815,37.5,0.46,38.47,0.59,37.09,0.47,44.38,1.28,47.79,1.38,47.13,1.69,shp2,merck
776,Example-26,Example-25,0.089141845703125,0.9647864882090559,0.8360550523562307,127.02,0.86,128.25,0.97,127.46,0.84,136.47,0.96,135.11,0.8,123.26,1.21,shp2,merck
777,SHP099-1-Example-7,Example-25,0.8827390670776367,2.5071701720841304,0.26452975757671077,32.65,0.47,32.11,0.63,32.02,0.59,42.75,1.61,44.37,0.96,41.13,1.0,shp2,merck
778,SHP099-1-Example-7,Example-27,1.2341203689575195,1.8379541108986746,0.7512405173533294,384.0,0.49,383.32,0.66,383.49,0.53,385.85,1.45,398.34,1.41,389.69,1.36,shp2,merck
779,Example-28,Example-5,0.8942599296569825,-1.2938177182918702,0.8001796319943126,-1330.45,0.63,-1331.32,0.52,-1330.48,0.55,-1330.6,2.85,-1334.32,0.82,-1343.57,0.72,shp2,merck
780,SHP099-1-Example-7,Example-28,1.2952957153320312,2.280911408540471,0.3834296379108248,4.0,0.48,3.1,0.48,3.68,0.55,9.89,1.41,15.58,1.32,13.94,0.85,shp2,merck
781,Example-29,Example-4,-0.5783066749572754,0.9193753983428724,0.49737028980396575,-1288.43,0.5,-1289.34,0.46,-1289.33,0.6,-1280.64,0.92,-1288.16,1.79,-1286.76,1.29,shp2,merck
782,Example-29,Example-6,-1.446481227874756,-2.7700764818355985,0.6173255742733321,-1367.92,0.53,-1367.8,0.52,-1368.36,0.67,-1385.19,2.06,-1375.83,1.76,-1377.83,1.76,shp2,merck
783,Example-4,Example-3,-0.014781951904296797,0.5162523900573623,0.11862570952417568,59.59,0.46,59.8,0.47,59.18,0.41,61.32,0.64,61.8,0.68,61.93,0.52,shp2,merck
784,SHP099-1-Example-7,Example-30,0.5955524444580078,-2.240280433397082,0.22217660662449426,-406.48,0.46,-406.34,0.49,-406.31,0.41,-416.44,0.53,-413.82,0.85,-416.99,0.61,shp2,merck
785,Example-6,Example-5,1.506171703338623,1.6865838113448068,0.3420130006511249,53.39,0.49,53.43,0.53,53.4,0.6,59.34,0.72,59.03,1.05,63.02,2.36,shp2,merck
786,SHP099-1-Example-7,Example-8,0.04032039642333979,-0.7934990439770538,0.2770809768493377,234.82,0.43,235.38,0.46,236.22,0.51,234.11,1.56,230.75,0.89,231.6,0.75,shp2,merck
787,Example-9,Example-8,-0.9182329177856444,1.653123008285532,0.3502093083067621,12.46,0.36,11.92,0.42,12.48,0.36,20.19,0.39,15.83,0.52,21.59,0.43,shp2,merck
788,CHEMBL3259820,CHEMBL3265005,0.25238037109375,0.5481198215423831,0.34737999599434854,10.06,0.33,10.5,0.35,10.16,0.31,12.4,0.76,9.68,0.52,15.52,0.75,syk,merck
789,CHEMBL3265012,CHEMBL3259820,-0.0293855667114257,-0.3154875717017209,0.11013960080809622,22.13,0.28,22.49,0.28,21.98,0.27,21.46,0.29,20.01,0.31,21.17,0.39,syk,merck
790,CHEMBL3265013,CHEMBL3259820,-0.7624568939208984,-0.17128744423199493,0.21500509840047596,-9.68,0.24,-10.29,0.29,-9.0,0.3,-12.0,0.66,-10.43,0.42,-8.69,0.46,syk,merck
791,CHEMBL3259820,CHEMBL3265015 flip,1.098362922668457,2.4322817080943264,0.38486679305429533,39.54,0.44,38.67,0.35,38.38,0.41,46.75,1.21,51.91,1.47,48.46,2.1,syk,merck
792,CHEMBL3265025 flip,CHEMBL3259820,-0.3762235641479492,-1.0309114085404714,0.16424942781887217,-131.28,0.26,-131.08,0.3,-131.49,0.34,-135.0,0.63,-134.8,0.6,-136.99,0.41,syk,merck
793,CHEMBL3264997,docked CHEMBL3264994,1.1780595779418943,1.7853728489483762,0.7219309006383734,-53.06,0.82,-57.94,1.03,-58.86,0.85,-50.57,2.19,-45.35,3.59,-51.53,4.5,syk,merck
794,docked CHEMBL3264998,docked CHEMBL3264994,1.9071359634399416,4.747450605481195,1.1640228569821387,110.48,1.09,106.59,0.95,108.03,1.04,124.71,2.59,138.88,3.84,121.1,1.39,syk,merck
795,CHEMBL3264995,CHEMBL3264996,1.7156286239624023,-0.69152326322498,0.3349148969172772,262.31,0.43,261.95,0.41,265.26,0.61,261.55,0.94,258.39,1.65,260.9,1.28,syk,merck
796,CHEMBL3264997,CHEMBL3264995,-1.3985042572021484,0.35133843212237403,0.6130537135823612,-72.06,0.65,-73.24,0.56,-74.09,0.48,-74.72,0.7,-65.63,0.88,-74.63,0.68,syk,merck
797,CHEMBL3264995,docked CHEMBL3264998,0.6694278717041016,-0.27565328234544356,0.3460850162291399,-94.88,0.5,-95.54,0.63,-94.25,0.43,-98.96,1.13,-94.51,0.96,-94.66,1.21,syk,merck
798,CHEMBL3264995,CHEMBL3265001,0.3435335159301758,-0.026290630975142396,0.1405164070278071,29.22,0.41,30.44,0.38,29.79,0.35,29.73,0.52,29.92,1.16,29.47,0.59,syk,merck
799,CHEMBL3265003 tautomer 2,CHEMBL3264995,-1.5605716705322266,0.9759400892288104,0.36443583847351796,-177.29,0.54,-176.79,0.43,-178.71,0.54,-176.54,0.88,-172.9,0.86,-171.1,0.97,syk,merck
800,docked CHEMBL3264999 adjust,CHEMBL3264996,0.7481193542480469,-0.46048438495856786,0.17042536080874052,208.52,0.32,207.98,0.32,208.06,0.35,206.58,0.47,204.8,0.36,207.4,0.37,syk,merck
801,CHEMBL3265003 tautomer 2,CHEMBL3264996,0.1550569534301757,0.04620777565328107,0.13061420695680742,84.59,0.32,84.9,0.33,84.63,0.32,85.32,0.47,85.52,0.48,83.86,0.41,syk,merck
802,CHEMBL3264997,docked CHEMBL3264998,-0.7290763854980469,-0.5210325047801163,0.6593870383756286,-168.76,0.8,-169.78,0.67,-169.7,0.81,-175.47,1.79,-165.33,1.01,-173.98,1.34,syk,merck
803,redocked CHEMBL3265000 ground state,CHEMBL3264997,0.8280534744262695,0.6939133205863818,0.6230437327353628,635.31,1.79,634.14,1.51,634.74,1.22,633.22,2.96,641.87,2.34,637.81,1.89,syk,merck
804,CHEMBL3265002,docked CHEMBL3264999 adjust,-0.7967414855957031,-0.1999681325685097,0.10638736091144355,-163.59,0.37,-163.74,0.35,-163.68,0.32,-164.23,0.47,-164.3,0.74,-164.99,0.48,syk,merck
805,redocked CHEMBL3265000 ground state,CHEMBL3265001,-0.2269172668457031,1.2739005736137492,0.42088116684848803,592.17,0.92,595.86,1.25,593.44,0.86,601.68,0.93,598.97,1.34,596.81,1.89,syk,merck
806,CHEMBL3265003 tautomer 2,CHEMBL3265001,-1.2170381546020508,0.6238049713193149,0.38269362719289246,-141.73,0.32,-142.12,0.3,-141.57,0.46,-135.7,0.63,-139.88,1.03,-142.01,0.64,syk,merck
807,CHEMBL3265003 tautomer 2,CHEMBL3265002,0.203679084777832,0.5242192479286191,0.14141205654914257,51.47,0.32,51.49,0.36,51.76,0.31,53.76,0.68,52.85,0.47,54.69,0.62,syk,merck
808,docked CHEMBL3265004,CHEMBL3265002,0.24023246765136722,0.31867431485022363,0.1982135551343062,-54.66,0.38,-54.34,0.33,-54.68,0.41,-54.97,0.57,-51.94,0.36,-52.77,0.47,syk,merck
809,CHEMBL3265003 tautomer 2,docked CHEMBL3265004,-0.0365533828735351,0.17128744423199535,0.2303631298660344,105.39,0.29,105.18,0.31,104.67,0.36,107.89,0.4,104.14,0.49,105.36,0.34,syk,merck
810,CHEMBL3265006,CHEMBL3265005,-0.3652563095092773,-0.7225940089228757,0.12192732972690751,-141.46,0.29,-140.58,0.26,-140.04,0.26,-143.73,0.46,-143.29,0.42,-144.13,0.55,syk,merck
811,CHEMBL3265009,CHEMBL3265005,-0.0256710052490234,0.04939451880178458,0.21277510738216265,0.03,0.26,-0.07,0.31,-0.15,0.25,1.21,0.58,1.1,0.48,-1.88,0.4,syk,merck
812,CHEMBL3265010,CHEMBL3265005,-0.190861701965332,1.1480242192479306,0.36771818524464217,87.62,0.33,82.59,0.75,88.43,0.32,91.18,0.54,90.98,0.48,90.89,0.5,syk,merck
813,CHEMBL3265005,CHEMBL3265011 flip,1.6854133605957031,4.063894200127469,1.439396562350201,-63.96,0.29,-63.34,0.4,-64.35,0.36,-40.49,1.15,-61.44,1.65,-38.71,1.02,syk,merck
814,CHEMBL3265017,CHEMBL3265005,1.1639556884765625,1.0261312938177156,0.2509623700637211,-163.91,0.32,-160.53,0.28,-163.2,0.35,-158.2,0.64,-159.25,0.82,-157.31,0.54,syk,merck
815,CHEMBL3265009,CHEMBL3265006,0.3395853042602539,0.9982472912683261,0.16860122213727863,140.62,0.25,140.8,0.3,140.56,0.26,145.22,0.71,145.77,0.63,143.52,0.76,syk,merck
816,CHEMBL3265015 flip,CHEMBL3265006,-0.48072624206542963,-1.0038240917782066,0.6579934725849983,111.8,0.35,110.98,0.47,110.75,0.5,106.75,1.0,101.52,2.32,112.66,0.83,syk,merck
817,CHEMBL3265011 flip,CHEMBL3265008,-1.1464729309082031,-3.287922243467175,1.2335339819533258,-48.46,0.53,-47.74,0.63,-46.13,0.64,-51.67,2.17,-59.22,1.56,-72.71,1.05,syk,merck
818,CHEMBL3265012,CHEMBL3265008,0.7619352340698242,0.6134480560866818,0.27957613279381155,-78.73,0.36,-77.75,0.33,-78.04,0.38,-76.86,0.73,-73.01,0.59,-76.95,0.64,syk,merck
819,CHEMBL3265014,CHEMBL3265008,0.6158733367919922,0.9727533460803043,0.4205324096035852,-87.33,0.53,-87.94,0.5,-84.65,0.49,-86.0,0.95,-80.13,0.78,-81.58,0.87,syk,merck
820,CHEMBL3265009,CHEMBL3265010,0.1651906967163086,-0.9512428298279167,0.5363453546165717,-81.61,0.45,-88.59,0.3,-81.13,0.36,-89.89,0.67,-85.82,0.73,-87.56,0.81,syk,merck
821,CHEMBL3265009,CHEMBL3265011 flip,1.6597423553466797,4.284576163161248,0.4179377492860832,-63.05,0.35,-63.78,0.45,-62.99,0.39,-46.95,1.63,-41.54,1.17,-47.55,1.06,syk,merck
822,CHEMBL3265015 flip,CHEMBL3265009,-0.8203115463256836,-2.048279158699808,0.4654802053816976,-27.92,0.41,-27.48,0.46,-29.47,0.51,-38.59,0.89,-39.41,1.41,-32.58,1.11,syk,merck
823,CHEMBL3265011 flip,CHEMBL3265010,-1.494551658630371,-4.754620777565328,0.42681836417848945,-24.95,0.3,-24.25,0.47,-23.49,0.41,-40.81,1.45,-46.84,1.6,-44.72,1.9,syk,merck
824,CHEMBL3265029,CHEMBL3265010,0.9928627014160156,-0.9831102613129407,0.6114945666677102,-274.42,0.93,-280.91,0.4,-281.13,0.57,-283.45,1.48,-279.49,2.32,-285.86,0.74,syk,merck
825,CHEMBL3265037,CHEMBL3265010,2.632204055786133,1.5471637985978115,1.019490746038821,-331.78,0.46,-323.02,1.16,-330.34,0.5,-328.98,2.09,-314.55,2.1,-322.19,1.95,syk,merck
826,CHEMBL3265014,CHEMBL3265011 flip,1.762346267700195,4.253505417463353,0.769038562841672,-41.76,0.47,-41.01,0.46,-41.56,0.48,-18.84,2.6,-21.71,3.56,-30.39,0.97,syk,merck
827,CHEMBL3265013,CHEMBL3265012,-0.7330713272094727,0.1442001274697264,0.26736731385762413,-28.93,0.36,-27.68,0.38,-26.86,0.41,-25.03,0.85,-28.21,0.53,-28.42,0.52,syk,merck
828,CHEMBL3265013,CHEMBL3265014,-0.5870094299316406,1.3440089228808145,0.2796340440608746,-26.32,0.35,-23.5,0.7,-24.22,0.59,-19.66,1.29,-19.74,1.18,-17.77,1.06,syk,merck
829,CHEMBL3265015 flip,CHEMBL3265013,-0.3359060287475586,-3.0234225621414916,0.5719893185014354,-27.62,0.36,-29.32,0.4,-28.45,0.33,-35.84,1.83,-43.63,2.09,-43.87,0.97,syk,merck
830,CHEMBL3265017,CHEMBL3265016,-0.2024812698364257,0.0764818355640519,0.10901118056637593,-47.89,0.23,-48.48,0.22,-47.95,0.24,-47.61,0.27,-47.09,0.26,-48.66,0.26,syk,merck
831,CHEMBL3265016,CHEMBL3265020,0.6863994598388672,0.7074569789674954,0.11882446363052056,-55.98,0.24,-55.72,0.17,-55.65,0.24,-52.65,0.26,-51.99,0.32,-53.83,0.38,syk,merck
832,CHEMBL3265016,CHEMBL3265022,0.8984127044677734,0.2047482472912689,0.1826267944308997,54.56,0.28,53.02,0.3,53.42,0.22,53.97,0.5,53.69,0.57,55.91,0.48,syk,merck
833,CHEMBL3265017,CHEMBL3265018,0.299530029296875,-0.49474187380496965,0.06837233183705498,-110.64,0.28,-110.17,0.29,-110.48,0.26,-112.69,0.34,-112.34,0.3,-112.47,0.34,syk,merck
834,CHEMBL3265017,CHEMBL3265023,1.0100374221801758,0.7863288718929254,0.0838596418252434,2.58,0.24,2.21,0.25,2.04,0.22,5.31,0.31,5.33,0.43,6.06,0.35,syk,merck
835,CHEMBL3265017,CHEMBL3265026,0.1259393692016601,0.06692160611854371,0.13163277513158525,98.5,0.28,98.54,0.26,98.24,0.23,99.85,0.36,98.29,0.35,97.98,0.4,syk,merck
836,CHEMBL3265017,CHEMBL3265028,0.4769887924194336,0.5393562778840029,0.5656360036604311,-24.42,0.37,-26.11,0.4,-29.03,0.39,-19.8,0.41,-28.42,0.7,-24.57,0.74,syk,merck
837,CHEMBL3265017,CHEMBL3265029,0.3619546890258789,0.23820905035054243,0.4406529248300162,24.65,0.4,27.04,0.63,31.1,0.34,29.1,0.69,26.43,0.44,30.25,0.5,syk,merck
838,CHEMBL3265017,CHEMBL3265032,0.4184246063232422,0.9958572339069482,0.36375830917789037,90.2,0.45,91.39,0.49,87.19,0.45,93.32,0.94,91.93,0.99,96.03,0.56,syk,merck
839,CHEMBL3265017,CHEMBL3265037,-1.2773866653442385,-1.3009878903760344,0.33192316395199933,80.75,0.37,81.5,0.45,80.87,0.43,74.61,0.97,78.63,0.75,73.55,0.83,syk,merck
840,CHEMBL3265018,CHEMBL3265020,0.1843881607055664,1.2651370299553857,0.12920774129443469,5.69,0.22,5.76,0.24,5.7,0.24,10.8,0.4,10.13,0.41,12.1,0.38,syk,merck
841,CHEMBL3265018,CHEMBL3265024,-0.5970115661621094,0.18642447418738076,0.13189002633335245,87.85,0.25,87.82,0.28,88.49,0.27,89.46,0.54,87.77,0.36,89.27,0.39,syk,merck
842,CHEMBL3265021,CHEMBL3265019,0.1136922836303711,-1.44518801784576,0.1829943095515655,56.98,0.24,56.56,0.2,56.72,0.25,50.47,0.31,52.32,0.49,49.33,0.32,syk,merck
843,CHEMBL3265028,CHEMBL3265019,0.233220100402832,-1.9335564053537293,0.18693750318125155,39.06,0.31,39.93,0.3,39.69,0.28,30.66,0.38,33.18,0.46,30.57,0.38,syk,merck
844,CHEMBL3265029,CHEMBL3265019,0.3482542037963867,-1.6308158062460163,0.21096232128398598,-14.82,0.34,-14.3,0.37,-15.47,0.44,-19.98,0.54,-23.07,0.55,-22.01,0.53,syk,merck
845,CHEMBL3265021,CHEMBL3265020,-0.1125984191894531,0.15694710006373308,0.09687960944862493,-63.09,0.26,-62.86,0.23,-63.31,0.23,-61.71,0.32,-62.47,0.23,-63.11,0.26,syk,merck
846,CHEMBL3265023,CHEMBL3265020,-0.5261192321777344,-0.09241555130656554,0.07074455366725521,-108.64,0.22,-108.18,0.29,-108.71,0.27,-108.62,0.28,-109.05,0.33,-109.02,0.34,syk,merck
847,CHEMBL3265021,CHEMBL3265022,0.0994148254394531,-0.30592734225621443,0.23401733783818277,42.65,0.28,42.51,0.21,42.62,0.24,43.56,0.37,40.61,0.46,39.77,0.38,syk,merck
848,CHEMBL3265023,CHEMBL3265022,-0.3141059875488281,-0.5847673677501593,0.11691884837385397,0.47,0.24,0.23,0.23,0.19,0.2,-1.44,0.44,-2.03,0.58,-2.98,0.48,syk,merck
849,CHEMBL3265025 flip,CHEMBL3265024,-1.585280418395996,-0.6261950286806885,0.2251168019369216,12.9,0.28,12.68,0.28,13.04,0.24,8.95,0.66,12.23,0.96,9.58,0.58,syk,merck
850,CHEMBL3265024,CHEMBL3265026,0.4234209060668945,0.5664435946462726,0.16335407293673398,114.71,0.29,114.6,0.22,114.7,0.23,117.38,0.34,118.19,0.39,115.55,0.37,syk,merck
851,CHEMBL3265025 flip,CHEMBL3265026,-1.1618595123291016,-0.4652644996813305,0.31004532736437385,132.24,0.28,132.14,0.26,131.47,0.29,127.35,0.63,130.09,0.46,132.57,0.57,syk,merck
852,CHEMBL3265028,CHEMBL3265027,0.6803712844848633,0.623008285532185,0.14605888369908063,29.07,0.25,28.62,0.28,29.15,0.26,31.7,0.38,30.35,0.42,32.61,0.41,syk,merck
853,CHEMBL3265029,CHEMBL3265027,0.795405387878418,0.6963033779477367,0.06021981377687913,-25.62,0.27,-25.67,0.27,-25.72,0.24,-22.7,0.35,-22.72,0.39,-22.85,0.28,syk,merck
854,CHEMBL3265032,CHEMBL3265027,0.7389354705810547,1.2858508604206491,0.15937683078806383,-85.94,0.55,-84.93,0.49,-85.16,0.52,-80.12,0.7,-79.13,0.68,-80.64,0.74,syk,merck
855,CHEMBL3265034,CHEMBL3265027,1.1573600769042969,2.3446462715105167,0.31781532246420297,10.95,0.42,10.28,0.52,10.45,0.44,19.73,1.08,18.19,0.58,23.19,0.76,syk,merck
856,CHEMBL3265029,CHEMBL3265028,0.1150341033935546,0.38639260675589726,0.10310233371725303,-55.07,0.31,-55.42,0.3,-55.09,0.3,-52.89,0.52,-54.02,0.4,-53.82,0.43,syk,merck
857,CHEMBL3265037,CHEMBL3265028,1.754375457763672,1.0070108349267026,0.3779900646736022,-104.92,0.48,-108.36,0.56,-106.01,0.59,-100.18,0.66,-105.11,1.07,-101.36,0.77,syk,merck
858,CHEMBL3265034,CHEMBL3265029,0.3619546890258789,0.6652326322498402,0.3870004043639523,35.49,0.33,35.61,0.4,36.46,0.41,35.7,0.6,38.03,0.48,42.18,0.59,syk,merck
859,CHEMBL3265031,CHEMBL3265030_n,0.6070032119750977,0.6978967495219923,0.2944819716851679,143.29,0.41,144.71,0.38,143.35,0.45,145.67,0.68,145.16,0.82,149.28,0.81,syk,merck
860,CHEMBL3265032,CHEMBL3265030_n,-0.4030342102050781,-0.23661567877628936,0.21561741931219158,-64.18,0.36,-65.06,0.36,-64.72,0.36,-63.87,0.58,-67.04,0.48,-66.02,0.78,syk,merck
861,CHEMBL3265035,CHEMBL3265030_n,-0.3952884674072265,0.20315487571701585,0.24211940777589783,-36.73,0.54,-38.85,0.45,-38.36,0.41,-35.71,0.68,-38.43,1.22,-37.25,0.63,syk,merck
862,CHEMBL3265031,CHEMBL3265032,1.0100374221801758,0.25732950924155884,0.1300154759564708,208.43,0.44,208.2,0.36,209.74,0.38,209.97,0.34,210.11,0.46,209.52,0.58,syk,merck
863,CHEMBL3265031,CHEMBL3265033,0.24023151397705073,-0.5999043977055427,0.21829708311815638,-556.28,0.45,-557.43,0.38,-556.14,0.39,-560.08,1.94,-558.39,0.8,-558.91,0.6,syk,merck
864,CHEMBL3265034,CHEMBL3265032,0.4184246063232422,-0.20315487571701585,0.12099083200827244,141.68,0.28,142.09,0.25,141.81,0.26,140.28,0.32,141.99,0.33,140.76,0.5,syk,merck
865,CHEMBL3265035,CHEMBL3265032,0.0077457427978515,-0.11312938177183074,0.2675167637725955,27.84,0.44,27.39,0.4,27.01,0.38,25.47,0.58,29.4,0.55,25.95,0.71,syk,merck
866,CHEMBL3265036,CHEMBL3265032,-0.6509103775024414,0.2390057361376673,0.22371713491329057,118.12,0.44,119.18,0.49,117.59,0.67,117.92,0.88,119.19,0.71,120.78,0.63,syk,merck
867,CHEMBL3265037,CHEMBL3265032,1.6958112716674805,-0.5791905672402805,0.5170462379111104,11.22,0.3,11.54,0.33,11.11,0.36,4.68,1.05,13.47,0.64,8.45,1.03,syk,merck
868,CHEMBL3265035,CHEMBL3265033,-0.7620601654052734,-1.085086042065028,0.4110892147385532,-711.91,0.63,-711.0,0.83,-708.23,0.8,-712.11,1.41,-717.29,1.25,-715.36,0.8,syk,merck
869,CHEMBL3265037,CHEMBL3265033,0.9260053634643556,-0.3975462077756721,0.37453630436205027,-739.85,0.92,-735.8,0.37,-735.83,0.41,-738.26,0.72,-737.64,0.64,-740.57,2.17,syk,merck
870,CHEMBL3265036,CHEMBL3265034,-1.0693349838256836,0.6317718291905683,0.19727520777033056,22.39,0.59,21.98,0.8,21.5,0.62,25.64,0.86,24.59,0.83,23.57,0.86,syk,merck
871,CHEMBL3265035,CHEMBL3265036,0.658656120300293,-0.23502230720203632,0.37725201075247194,-89.84,0.74,-91.17,0.52,-89.85,0.63,-93.34,0.95,-92.43,1.57,-88.04,0.75,syk,merck
872,1b,1a,1.3866071701049805,1.7304015296367135,0.16397194265003934,55.71,0.25,55.6,0.23,55.63,0.21,64.12,0.28,61.4,0.34,63.14,0.32,tnks2,merck
873,3a,1a,2.4459228515625,3.822498406628426,0.2601622900964381,-7.73,0.36,-9.01,0.36,-8.56,0.35,7.53,0.57,9.63,0.56,5.52,0.66,tnks2,merck
874,5a,1a,2.207965850830078,3.050509878903757,0.23912302524879522,76.82,0.31,76.59,0.29,76.7,0.28,87.26,0.59,90.95,0.53,90.19,0.77,tnks2,merck
875,1b,5a,-0.8213586807250977,-1.2157425111536009,0.12344790268059147,-26.36,0.3,-25.76,0.26,-25.63,0.31,-30.26,0.56,-31.2,0.57,-31.55,0.54,tnks2,merck
876,3a,3b,-0.5228023529052734,-0.2923836838750795,0.29610804416245856,9.15,0.18,9.33,0.21,9.44,0.18,6.94,0.25,11.06,0.26,6.25,0.22,tnks2,merck
877,3a,5a,0.2379570007324218,0.8452836201402155,0.08336661808808929,-73.83,0.23,-74.21,0.25,-74.5,0.27,-70.64,0.37,-70.4,0.5,-70.89,0.44,tnks2,merck
878,3b,5d,0.6342201232910156,0.6485022307202085,0.12240064525996487,-75.08,0.26,-74.65,0.29,-74.79,0.27,-71.66,0.36,-71.61,0.55,-73.11,0.44,tnks2,merck
879,5j,3b,-0.43486595153808594,-0.010356915232629613,0.21473185618640053,139.16,0.24,138.66,0.28,138.62,0.25,138.63,0.67,137.12,0.44,140.56,0.52,tnks2,merck
880,5a,5c,0.798121452331543,-0.17606755895474774,0.4325253548342793,-25.94,0.33,-27.12,0.35,-26.83,0.29,-31.11,0.74,-23.72,0.66,-27.27,0.42,tnks2,merck
881,5b,5c,0.5139808654785156,0.4429572976418046,0.29831230817989457,74.62,0.35,74.18,0.32,74.23,0.3,78.66,0.37,76.38,0.42,73.55,0.45,tnks2,merck
882,5l,5b,-0.3817710876464844,-0.5393562778840044,0.15052011083195785,-112.86,0.29,-111.98,0.31,-112.97,0.29,-113.89,0.4,-115.91,0.58,-114.78,0.42,tnks2,merck
883,5e,5c,0.1472101211547851,0.25812619502868067,0.4935395919337386,-11.03,0.36,-10.85,0.38,-10.44,0.34,-8.09,0.74,-6.49,0.71,-14.5,0.74,tnks2,merck
884,5j,5d,0.1993541717529297,1.2810707456978965,0.2921132868918347,64.5,0.3,64.15,0.27,63.9,0.34,72.33,0.43,68.75,0.49,67.55,0.39,tnks2,merck
885,5k,5d,0.07831001281738278,-0.8054493307839381,0.15094435195742473,-63.13,0.34,-63.55,0.3,-63.69,0.33,-67.13,0.61,-65.6,0.33,-67.75,0.45,tnks2,merck
886,8a,5d,-0.07911586761474608,-1.4555449330783878,0.2908432655763008,-349.89,0.64,-348.51,0.44,-348.55,0.58,-353.25,0.72,-354.89,0.84,-357.08,1.48,tnks2,merck
887,5e,7,1.7108116149902344,1.4268642447418802,0.25205370633821195,131.01,0.51,131.16,0.35,132.69,0.55,139.59,0.52,137.27,0.49,135.91,0.45,tnks2,merck
888,5f,5g,-0.5428876876831054,0.07329509241554916,0.11095842546238331,-47.37,0.35,-47.36,0.3,-47.34,0.33,-47.35,0.32,-46.17,0.32,-47.63,0.41,tnks2,merck
889,5f,5i,-1.8158025741577146,-0.16093052899936572,0.20224734590383991,-70.3,0.29,-70.27,0.32,-70.53,0.3,-69.14,0.38,-72.31,0.33,-71.67,0.54,tnks2,merck
890,5f,5l,0.1704473495483398,-0.2852135117909484,0.156302042415884,-89.35,0.24,-90.35,0.29,-89.4,0.29,-90.29,0.5,-92.14,0.39,-90.25,0.48,tnks2,merck
891,5g,5h,0.7561845779418945,1.771829190567242,0.33815044193795696,78.59,0.42,74.69,0.44,74.76,0.34,84.78,0.52,84.14,0.53,81.36,0.55,tnks2,merck
892,5i,5h,2.029099464416504,1.9096558317399606,0.3662351253749207,98.31,0.37,99.75,0.45,101.94,0.37,110.77,0.96,107.25,0.59,105.95,0.44,tnks2,merck
893,5h,5j,-1.0346546173095703,-3.620140216698536,0.8679084016284323,-183.26,0.44,-182.17,0.37,-186.07,0.47,-197.8,0.83,-206.84,0.93,-192.3,0.86,tnks2,merck
894,5k,5m,-1.7255229949951172,-0.4692479286169547,0.19551654366225807,-44.0,0.32,-44.32,0.33,-44.43,0.28,-46.94,0.53,-44.43,0.57,-47.27,0.52,tnks2,merck
895,8c_adjust,5k,-0.8403711318969727,-1.769439133205864,0.39411167049711066,-142.48,0.58,-142.9,0.44,-142.47,0.37,-147.12,1.04,-153.33,1.1,-149.61,1.47,tnks2,merck
896,8e,5k,-0.7197418212890625,-1.7128744423199467,0.22423103035795802,-231.57,0.48,-232.53,0.46,-232.49,0.39,-238.29,0.96,-239.02,1.09,-240.78,1.17,tnks2,merck
897,5o_adjust,5m,-0.6509103775024414,0.11870618228170202,0.18292092122935374,-89.1,0.65,-90.05,0.63,-89.65,0.57,-89.97,0.88,-89.23,0.86,-88.11,0.58,tnks2,merck
898,8b,5m,-0.7589330673217773,-1.3137348629700725,0.2759440458602694,-346.69,0.48,-347.14,0.56,-347.58,0.53,-354.37,1.37,-350.73,0.89,-352.8,1.3,tnks2,merck
899,5o_adjust,5n,1.3233699798583984,0.21988527724665347,0.15235311268313273,-18.47,0.38,-19.3,0.42,-18.36,0.43,-18.57,0.47,-18.12,0.47,-16.68,0.42,tnks2,merck
900,5p,5n,-0.2113246917724609,0.32186105799872516,0.07913422070342194,-5.31,0.27,-5.48,0.36,-5.23,0.36,-3.84,0.43,-3.99,0.42,-4.15,0.44,tnks2,merck
901,7,5n,-2.317814826965332,-2.4506054811982154,0.24878354171233308,-13.49,0.52,-12.87,0.46,-15.57,0.89,-25.61,0.71,-23.43,0.66,-23.65,0.85,tnks2,merck
902,5p,5o_adjust,-1.5346946716308594,-0.4509241555130661,0.19804970610610015,13.96,0.39,13.05,0.29,13.36,0.35,13.14,0.55,10.08,0.56,11.49,0.49,tnks2,merck
903,8d,5o_adjust,0.4515562057495117,-1.3519757807520711,0.24398090240368567,-58.08,0.88,-57.66,0.87,-56.54,0.75,-62.82,1.68,-62.97,0.78,-63.46,1.61,tnks2,merck
904,8a,7,2.409146308898926,0.6739961759082201,0.34558753478716464,-239.51,1.07,-241.09,0.69,-241.53,0.66,-235.61,1.08,-239.55,1.51,-238.51,1.55,tnks2,merck
905,8b,8a,1.1240158081054688,0.22147864882090568,0.1494287050734203,-21.6,0.26,-21.32,0.26,-22.03,0.25,-21.69,0.34,-19.41,0.32,-21.07,0.31,tnks2,merck
906,8e,8a,-0.5623159408569336,-1.529636711281072,0.40003430841774423,99.08,0.28,99.52,0.34,99.45,0.24,94.86,0.45,95.02,0.44,88.97,0.83,tnks2,merck
907,8f,8a,1.0051212310791016,-0.4142766093052868,0.23674050149939924,136.17,0.29,135.05,0.28,135.56,0.3,132.01,0.81,133.86,0.5,135.71,0.55,tnks2,merck
908,8d,8b,0.5595788955688477,0.4931485022307132,0.2225216915892524,246.29,0.28,245.99,0.34,245.98,0.39,246.17,0.56,249.74,0.46,248.54,0.44,tnks2,merck
909,8b,8f,0.1188945770263671,-0.4086998087954198,0.20345804151369734,-156.88,0.27,-157.53,0.28,-157.13,0.29,-160.83,0.33,-157.77,0.37,-158.07,0.42,tnks2,merck
910,8d,8c_adjust,2.3665399551391606,0.7911089866156759,0.1401020820966868,40.26,0.26,39.68,0.29,39.65,0.27,44.13,0.36,42.06,0.36,43.33,0.5,tnks2,merck
911,8e,8c_adjust,0.1206293106079101,-0.069311663479925,0.06939862765676458,-88.71,0.26,-88.95,0.27,-88.87,0.27,-88.95,0.34,-89.08,0.36,-89.37,0.41,tnks2,merck
912,8f,8c_adjust,1.688066482543945,0.8986615678776285,0.10597820246992595,-48.68,0.24,-48.49,0.33,-48.45,0.3,-44.03,0.5,-45.04,0.43,-45.27,0.35,tnks2,merck
913,8f,8d,-0.6784734725952148,-0.2190885914595227,0.06892006768616646,-88.44,0.3,-88.67,0.28,-88.84,0.26,-89.68,0.33,-89.25,0.29,-89.77,0.31,tnks2,merck
914,8e,8f,-1.5674371719360352,-0.9934671765455737,0.13194769868425912,-40.45,0.26,-39.87,0.26,-40.57,0.21,-43.4,0.35,-45.38,0.33,-44.58,0.28,tnks2,merck
915,spiro15,spiro1,1.5300002098083496,0.3115041427660917,0.09913384194306124,-45.86,0.2,-45.87,0.23,-45.78,0.25,-44.54,0.5,-43.89,0.45,-45.17,0.34,bace_ciordia_prospective,janssen_bace
916,spiro1,spiro2,0.48999977111816406,2.0291586998087974,0.23504928000616396,-253.37,0.28,-253.37,0.26,-253.57,0.22,-244.16,0.54,-247.14,0.58,-243.54,0.65,bace_ciordia_prospective,janssen_bace
917,spiro4,spiro1,0.0999999046325683,-0.7584448693435306,0.20294674437170487,-31.87,0.22,-32.43,0.2,-32.84,0.19,-34.68,0.49,-34.58,0.47,-37.4,0.48,bace_ciordia_prospective,janssen_bace
918,spiro10,spiro5,0.7399997711181641,1.6124920331421277,0.42835994789039833,50.92,0.3,51.72,0.38,51.01,0.33,59.49,1.9,60.2,1.12,54.2,1.38,bace_ciordia_prospective,janssen_bace
919,spiro6,spiro10,1.0299997329711914,0.1091459528362023,0.2747823910595508,23.9,0.21,23.91,0.23,23.6,0.24,21.66,0.76,25.66,0.69,25.46,0.7,bace_ciordia_prospective,janssen_bace
920,spiro15,spiro16,0.8699998855590821,-0.2581261950286803,0.18834171307856273,38.7,0.17,38.53,0.2,38.2,0.17,37.54,0.31,38.9,0.33,35.75,0.31,bace_ciordia_prospective,janssen_bace
921,spiro15,spiro6,-0.47999954223632807,-0.8197896749521989,0.17685538464627734,0.54,0.23,0.64,0.22,1.07,0.28,-1.76,0.74,-2.99,1.16,-3.29,1.13,bace_ciordia_prospective,janssen_bace
922,spiro16,spiro5,0.4200000762939453,1.7272147864882106,0.1691943485911784,33.15,0.27,33.3,0.27,33.32,0.28,39.06,0.72,41.09,0.57,41.3,0.61,bace_ciordia_prospective,janssen_bace
923,spiro3,spiro2,1.9499993324279783,2.183715742511164,0.19781057042317038,-280.02,0.28,-279.85,0.27,-280.82,0.29,-271.44,0.64,-272.17,0.65,-269.67,0.96,bace_ciordia_prospective,janssen_bace
924,spiro4,spiro2,0.5899996757507324,1.2778840025494007,0.18691210837094807,-285.54,0.29,-285.04,0.29,-284.8,0.26,-279.24,0.99,-281.12,0.81,-278.98,0.77,bace_ciordia_prospective,janssen_bace
925,spiro5,spiro2,0.7300000190734863,0.9958572339069516,0.44002538858730955,-375.56,0.23,-375.65,0.25,-375.83,0.24,-375.05,0.57,-367.48,0.69,-372.01,0.8,bace_ciordia_prospective,janssen_bace
926,spiro3,spiro6,-0.5500001907348633,-1.4141172721478648,0.5326991051796381,19.63,0.3,19.49,0.28,19.35,0.24,18.8,1.27,10.49,0.8,11.43,0.63,bace_ciordia_prospective,janssen_bace
927,17a,17c,-0.8049049377441406,-1.7327915869980879,0.2229989251186848,177.89,0.24,177.69,0.3,178.1,0.24,168.89,0.54,172.19,0.97,170.85,0.85,bace_p3_arg368_in,janssen_bace
928,17g,17a,0.1773519515991211,2.8656787762906326,0.5466957213816172,-311.73,0.71,-306.15,0.5,-306.34,0.71,-297.62,2.88,-293.09,1.57,-297.54,1.45,bace_p3_arg368_in,janssen_bace
929,27a,17a,-1.7871618270874023,-2.0618228170809427,0.6200660196286542,-114.45,0.55,-113.61,0.59,-114.87,0.61,-129.0,1.76,-120.09,0.74,-119.72,0.88,bace_p3_arg368_in,janssen_bace
930,8a,17a,-3.151409149169922,-2.633843212237103,0.3871787272134218,-276.71,0.35,-277.14,0.39,-276.39,0.36,-284.29,0.67,-290.8,0.75,-288.21,0.72,bace_p3_arg368_in,janssen_bace
931,17b,17c,-0.1637096405029297,-0.3879859783301469,0.0979444430257141,-39.91,0.22,-40.35,0.24,-40.27,0.21,-41.28,0.41,-41.56,0.33,-42.56,0.31,bace_p3_arg368_in,janssen_bace
932,17b,17d,0.1909933090209961,-0.7879222434671765,0.5695484657737064,124.12,0.29,128.45,0.29,126.21,0.41,119.82,0.5,120.98,0.85,128.09,0.66,bace_p3_arg368_in,janssen_bace
933,17e,17b,0.36834716796874994,0.06214149139579132,0.3195220192401561,-182.07,0.39,-183.46,0.33,-183.73,0.44,-183.74,1.3,-180.29,0.91,-184.45,1.34,bace_p3_arg368_in,janssen_bace
934,17d,17c,-0.35470294952392584,-0.5393562778840079,0.5854624495646005,-170.45,0.27,-170.58,0.25,-170.82,0.25,-177.06,1.03,-174.33,0.83,-167.23,0.88,bace_p3_arg368_in,janssen_bace
935,17f,17c,-0.1091394424438476,0.9934671765455703,0.5327741196605966,-190.29,0.48,-193.7,0.85,-192.01,0.52,-186.91,3.69,-191.29,1.53,-185.33,1.81,bace_p3_arg368_in,janssen_bace
936,17e,17d,0.5593404769897461,0.14977692797960449,0.3340098840218167,-59.0,0.24,-58.75,0.37,-58.62,0.35,-61.2,0.77,-57.17,0.98,-56.12,1.24,bace_p3_arg368_in,janssen_bace
937,17f,17d,0.2455635070800781,-0.06453154875716922,0.5542364418196448,-20.43,0.48,-20.25,0.41,-20.08,0.39,-25.02,1.72,-20.75,1.37,-15.8,0.9,bace_p3_arg368_in,janssen_bace
938,17g,17d,-0.2728500366210937,0.011153601019759535,0.5179438948937135,43.43,0.43,43.81,0.44,43.64,0.48,47.42,1.33,44.67,1.11,38.93,0.93,bace_p3_arg368_in,janssen_bace
939,27e,17e,-2.592066764831543,-1.4292543021032547,0.5656237389655312,-111.97,1.15,-108.73,0.95,-110.7,0.88,-114.22,3.14,-118.7,4.28,-116.42,1.75,bace_p3_arg368_in,janssen_bace
940,8e,17e,-3.53339958190918,-2.9373804971319224,0.5352260053543757,-284.65,1.16,-282.73,1.16,-278.54,1.12,-295.3,1.49,-293.69,3.9,-293.8,1.46,bace_p3_arg368_in,janssen_bace
941,27g,17g,1.13232421875,-1.5885914595283572,0.3833574132738002,-143.45,0.45,-144.11,0.75,-142.68,0.66,-148.23,1.06,-153.43,1.51,-148.52,0.85,bace_p3_arg368_in,janssen_bace
942,17g,8g,0.76397705078125,2.823454429572976,0.16669259076805445,287.81,0.31,286.85,0.32,287.05,0.34,298.3,0.81,299.38,0.85,299.47,1.11,bace_p3_arg368_in,janssen_bace
943,27a,27c,-0.8594741821289064,-1.0707456978967471,0.2396366883047649,204.06,0.25,206.45,0.37,204.05,0.24,201.74,0.56,200.43,0.56,198.95,0.67,bace_p3_arg368_in,janssen_bace
944,27d,27a,0.122781753540039,3.2911089866156744,0.6074136766632755,-363.88,0.39,-360.42,0.32,-363.16,0.5,-346.24,0.86,-354.45,0.72,-345.46,0.76,bace_p3_arg368_in,janssen_bace
945,27c,27b,0.04092788696289058,0.46845124282982636,0.18967612337726453,43.91,0.24,43.99,0.24,44.52,0.23,47.64,0.34,44.51,0.37,46.15,0.33,bace_p3_arg368_in,janssen_bace
946,27d,27b,-0.6957645416259766,0.9400892288081589,0.25612241073257513,-110.12,0.26,-111.15,0.31,-111.32,0.32,-108.7,0.82,-104.73,0.35,-107.36,0.54,bace_p3_arg368_in,janssen_bace
947,27d,27c,-0.7366924285888672,1.9287762906309802,0.42153707343812175,-154.1,0.28,-158.05,0.44,-154.72,0.34,-150.86,0.87,-146.04,0.98,-145.76,0.75,bace_p3_arg368_in,janssen_bace
948,27c,27f,0.9140453338623049,-0.9074251115360203,0.8599544332015872,190.77,0.39,191.97,0.52,189.47,0.5,187.98,1.38,179.35,2.79,193.49,1.35,bace_p3_arg368_in,janssen_bace
949,27e,27d,0.0818557739257812,0.00956022944550478,0.21795370249103652,-41.4,0.38,-41.83,0.36,-41.34,0.36,-42.92,0.65,-39.82,1.02,-41.71,0.76,bace_p3_arg368_in,janssen_bace
950,27d,27f,0.1773529052734375,0.004780114722754087,0.6206377003348744,36.37,0.39,37.24,0.41,36.5,0.4,37.27,0.88,31.1,0.92,41.8,0.88,bace_p3_arg368_in,janssen_bace
951,27g,27d,2.9740562438964844,0.5999043977055453,0.2606331333263923,25.2,0.41,25.55,0.46,25.99,0.5,27.72,1.81,27.49,1.87,29.06,1.3,bace_p3_arg368_in,janssen_bace
952,27g,27e,2.892200469970703,1.9239961759082211,0.1468918341471735,65.19,0.31,65.3,0.26,65.51,0.27,74.09,0.76,73.42,0.85,72.64,0.84,bace_p3_arg368_in,janssen_bace
953,8c,8a,0.5184125900268556,1.516889738687068,0.2987513141799872,-205.92,0.25,-205.44,0.26,-206.32,0.27,-197.38,0.61,-202.18,1.06,-199.08,0.51,bace_p3_arg368_in,janssen_bace
954,8g,8a,2.564784049987793,3.2449012109623934,0.3617210926800574,-315.82,0.67,-317.32,0.58,-319.58,0.89,-304.66,2.92,-303.77,1.07,-303.56,1.29,bace_p3_arg368_in,janssen_bace
955,8b,8c,0.2046365737915039,-0.4007329509241562,0.14798105004943526,-35.36,0.24,-35.15,0.26,-34.91,0.22,-38.05,0.35,-36.67,0.35,-35.73,0.4,bace_p3_arg368_in,janssen_bace
956,8b,8d,0.1637096405029297,-0.8731676226896152,0.21669811503777198,107.44,0.39,109.29,0.32,106.42,0.33,104.07,0.63,103.14,0.55,104.98,0.6,bace_p3_arg368_in,janssen_bace
957,8e,8b,-0.0954971313476562,0.1920012746972614,0.1999528913049131,-169.34,0.41,-169.7,0.36,-168.98,0.42,-168.76,1.55,-168.65,1.42,-168.2,1.1,bace_p3_arg368_in,janssen_bace
958,8d,8c,0.040926933288574184,0.4700446144040795,0.3960813601567557,-147.18,0.35,-145.96,0.23,-146.77,0.35,-142.76,0.67,-142.74,0.69,-148.51,0.79,bace_p3_arg368_in,janssen_bace
959,8c,8f,0.8458328247070312,-1.0946462715105192,0.515600023999626,181.52,0.47,181.36,0.47,181.27,0.43,176.84,2.41,179.15,1.39,174.42,4.61,bace_p3_arg368_in,janssen_bace
960,8e,8d,0.0682125091552734,-0.2023581899298927,0.3792463112839459,-63.93,0.34,-63.65,0.36,-63.93,0.33,-64.85,0.82,-61.49,0.79,-67.71,1.2,bace_p3_arg368_in,janssen_bace
961,8d,8f,0.8867597579956054,-1.5718610579987256,0.46539644598669844,34.29,0.35,34.53,0.45,35.24,0.46,24.62,1.61,27.76,0.84,31.95,1.34,bace_p3_arg368_in,janssen_bace
962,8d,8g,-2.0054445266723637,-0.5847673677501574,0.6902690170476918,-37.72,0.46,-37.74,0.45,-37.84,0.51,-37.45,1.48,-36.36,2.09,-46.83,0.92,bace_p3_arg368_in,janssen_bace
963,11,24,-1.082474708557129,-2.003664754620779,0.20760298015912468,51.17,0.18,52.03,0.21,51.36,0.22,44.01,0.47,44.23,0.4,41.17,0.37,ciordia_retro,janssen_bace
964,11,25,-0.1666746139526367,-1.0994263862332698,0.3207606958157173,-15.72,0.24,-15.66,0.26,-15.33,0.21,-22.0,0.64,-21.5,0.45,-17.01,0.71,ciordia_retro,janssen_bace
965,11,27,-0.909006118774414,-0.9273422562141489,0.05187560403169761,-20.96,0.14,-20.92,0.17,-20.97,0.15,-24.56,0.2,-25.21,0.24,-24.72,0.17,ciordia_retro,janssen_bace
966,11,38,-0.6815643310546875,-1.101816443594647,0.11620428564663383,33.27,0.23,33.35,0.17,32.63,0.2,29.46,0.33,28.09,0.22,27.87,0.25,ciordia_retro,janssen_bace
967,12,13,0.8136835098266602,-0.12029955385595933,0.12913973075054921,23.08,0.15,22.73,0.15,23.23,0.13,22.21,0.21,23.7,0.2,21.62,0.21,ciordia_retro,janssen_bace
968,12,18,0.5559606552124025,-0.11631612492033432,0.172259733484443,-84.22,0.18,-83.54,0.17,-83.83,0.18,-85.9,0.35,-83.16,0.42,-83.99,0.45,ciordia_retro,janssen_bace
969,22,12,-2.850024700164795,-2.6943913320586343,0.7970208844758869,45.2,0.43,45.22,0.5,43.96,0.48,25.85,0.75,39.3,0.85,35.41,1.42,ciordia_retro,janssen_bace
970,12,27,0.8445711135864258,1.0165710643722112,0.1198761706676956,-16.15,0.15,-16.18,0.14,-16.16,0.15,-11.75,0.17,-10.97,0.17,-13.01,0.16,ciordia_retro,janssen_bace
971,1a,13,-3.5585808753967285,-3.791427660930527,0.33822869419618246,62.33,0.34,62.18,0.44,61.6,0.33,48.18,0.92,43.1,1.05,47.24,0.88,ciordia_retro,janssen_bace
972,20,13,0.5243206024169922,-0.1553537284894851,0.06442935477043436,72.07,0.18,72.22,0.19,72.05,0.2,71.64,0.39,71.37,0.41,71.38,0.39,ciordia_retro,janssen_bace
973,13,32,1.9217381477355961,2.0267686424474127,0.13917436580429418,-104.63,0.23,-104.87,0.25,-105.14,0.27,-95.26,0.44,-96.66,0.41,-97.28,0.5,ciordia_retro,janssen_bace
974,33,13,-2.5033411979675297,-1.4435946462715052,0.1661508113915716,133.13,0.22,133.53,0.22,133.25,0.25,128.55,0.59,127.29,0.41,125.95,0.44,ciordia_retro,janssen_bace
975,38,13,-0.2583293914794922,-0.6134480560866793,0.12384839555288114,-16.09,0.19,-16.24,0.21,-16.03,0.23,-17.69,0.46,-19.59,0.4,-18.78,0.31,ciordia_retro,janssen_bace
976,28,14,-0.8392353057861328,0.8309432759719583,0.1714611771662119,34.96,0.23,34.92,0.23,35.06,0.24,38.71,0.71,37.14,0.91,39.52,0.52,ciordia_retro,janssen_bace
977,35,14,0.04551792144775389,0.3521351179094921,0.11521610882719938,114.17,0.21,114.6,0.21,114.1,0.21,116.47,0.39,115.79,0.53,115.03,0.54,ciordia_retro,janssen_bace
978,29,15,0.8182268142700195,0.07409177820267486,0.7857907536900407,28.44,0.75,37.88,1.09,28.29,0.45,34.22,1.37,27.41,1.2,33.91,1.46,ciordia_retro,janssen_bace
979,41,15,1.1925315856933594,0.7106437221159965,0.9124918918783738,78.12,0.47,81.27,0.64,86.76,1.21,91.59,3.21,82.02,3.51,81.46,2.42,ciordia_retro,janssen_bace
980,16,33,-0.08218145370483389,0.069311663479925,0.22232311226421686,-95.75,0.28,-95.55,0.25,-95.92,0.24,-97.39,0.7,-93.8,0.55,-95.16,0.52,ciordia_retro,janssen_bace
981,16,36,-3.920985221862793,-2.833014659018483,0.4232339566364125,13.03,0.37,14.37,0.4,13.38,0.35,1.6,1.55,-1.3,1.89,4.92,1.08,ciordia_retro,janssen_bace
982,17,18,0.4640865325927734,0.1529636711281038,0.38556024405273726,-56.27,0.19,-55.43,0.2,-56.19,0.22,-51.45,0.5,-57.57,0.39,-56.95,0.27,ciordia_retro,janssen_bace
983,17,31,0.8315286636352539,2.1757488846398982,0.24466809728783812,-15.86,0.21,-16.11,0.24,-16.34,0.22,-8.31,0.56,-8.05,0.51,-4.64,0.45,ciordia_retro,janssen_bace
984,31,18,-0.3674421310424804,-1.503346080305927,0.236270046322829,-33.13,0.22,-33.03,0.24,-32.82,0.23,-41.49,0.89,-38.35,0.59,-38.01,0.51,ciordia_retro,janssen_bace
985,19,32,2.18931245803833,2.244263862332696,0.4505852744592887,-87.3,0.3,-87.82,0.29,-87.59,0.31,-82.65,0.83,-76.26,0.7,-75.63,0.64,ciordia_retro,janssen_bace
986,19,34,-0.33851814270019526,0.34337157425111525,0.11797121096394844,-0.94,0.21,-0.84,0.22,-1.98,0.22,0.77,0.41,0.26,0.3,-0.48,0.46,ciordia_retro,janssen_bace
987,19,39,0.5500698089599609,1.9917144678139032,0.40714025027916184,-322.92,0.29,-322.99,0.28,-322.82,0.27,-318.45,0.73,-311.83,0.84,-313.45,0.78,ciordia_retro,janssen_bace
988,22,1a,1.5222396850585938,2.4952198852772463,0.42205367315541803,-0.59,0.48,-0.32,0.87,-0.39,0.61,9.58,2.08,11.11,1.55,9.33,4.14,ciordia_retro,janssen_bace
989,29,1a,2.650984287261963,2.496016571064372,0.17891300367812418,-10.69,0.46,-10.88,0.47,-10.73,0.55,0.49,0.8,-0.11,0.89,-1.35,1.07,ciordia_retro,janssen_bace
990,31,1a,3.448861598968506,2.4067877629063097,0.23696095810406953,8.57,0.27,8.24,0.29,8.16,0.22,19.39,0.83,19.6,0.55,16.19,0.57,ciordia_retro,janssen_bace
991,1a,32,-1.6368427276611328,-1.651529636711282,0.17185589552598754,-44.98,0.29,-45.16,0.26,-45.6,0.33,-52.02,0.64,-50.98,0.53,-53.47,0.65,ciordia_retro,janssen_bace
992,1a,36,-4.894043445587158,-4.599267049075843,0.43436034066753365,34.97,0.52,35.5,0.44,34.28,0.5,14.36,1.85,18.97,1.47,13.69,2.49,ciordia_retro,janssen_bace
993,1a,37,-3.3653340339660645,-1.9941045251752691,0.2746239798745815,-36.73,0.29,-37.11,0.32,-37.39,0.35,-45.32,0.61,-43.24,0.69,-47.7,0.69,ciordia_retro,janssen_bace
994,1a,39,-3.276085376739502,-1.1416507329509182,0.3635398361300961,-280.08,0.23,-280.18,0.27,-280.68,0.29,-288.65,0.42,-282.69,0.51,-283.93,0.38,ciordia_retro,janssen_bace
995,28,20,-1.170578956604004,-0.3553218610579986,0.11795392272243388,7.92,0.23,7.28,0.21,7.48,0.22,5.71,0.42,7.0,0.39,5.51,0.38,ciordia_retro,janssen_bace
996,20,34,-0.0817718505859375,0.020713830465266037,0.1037878146531803,48.92,0.23,47.98,0.2,48.79,0.19,49.15,0.32,48.81,0.39,47.99,0.29,ciordia_retro,janssen_bace
997,20,36,-0.8111419677734375,-1.344805608667941,0.5843021383956813,41.47,0.36,42.14,0.31,41.86,0.26,33.07,1.57,41.76,1.5,33.76,1.08,ciordia_retro,janssen_bace
998,21,27,0.6029138565063477,0.9767367750159335,0.11606913684256905,-29.43,0.17,-29.04,0.15,-29.49,0.19,-25.86,0.31,-24.24,0.36,-25.6,0.33,ciordia_retro,janssen_bace
999,30,21,-3.267907619476318,-1.851497769279795,0.08172211353439558,68.07,0.24,67.65,0.25,67.58,0.24,59.8,0.54,60.04,0.49,60.22,0.33,ciordia_retro,janssen_bace
1000,28,22,1.390082836151123,0.932122370936903,0.2568230100694463,8.74,0.48,9.7,0.8,8.73,0.53,14.17,0.76,11.04,1.22,13.66,0.75,ciordia_retro,janssen_bace
1001,22,29,-1.1287446022033691,-0.1218929254302107,0.46213818165278986,19.67,0.83,20.23,0.84,18.77,0.76,16.16,1.71,18.23,1.97,22.75,1.25,ciordia_retro,janssen_bace
1002,28,23,-0.8219585418701172,1.4977692797960482,0.32915651374699256,18.11,0.34,18.45,0.38,18.83,0.29,26.13,1.0,26.35,1.02,21.71,0.87,ciordia_retro,janssen_bace
1003,29,23,-1.083296775817871,-0.7194072657743781,0.3874296400924034,-9.97,0.61,-9.42,0.65,-10.24,0.55,-13.39,1.51,-15.07,2.05,-10.2,1.88,ciordia_retro,janssen_bace
1004,24,33,2.645922183990479,1.5774378585086095,0.22133504998209616,-167.75,0.26,-167.46,0.26,-167.58,0.23,-161.95,0.58,-162.12,0.68,-158.92,0.68,ciordia_retro,janssen_bace
1005,39,25,0.49072360992431646,-1.6268323773103899,0.24828312034980266,307.33,0.37,306.72,0.28,307.43,0.37,299.97,0.8,302.45,0.72,298.64,0.67,ciordia_retro,janssen_bace
1006,40,25,-0.22407436370849607,-2.3342893562778855,0.3945218710694112,38.18,0.36,38.03,0.36,37.93,0.36,24.65,0.69,31.19,0.77,29.0,0.95,ciordia_retro,janssen_bace
1007,41,25,0.2399272918701172,-0.29636711281070793,0.3973989180146566,64.93,0.59,63.67,0.41,64.35,0.5,65.62,1.49,59.84,1.56,63.77,0.87,ciordia_retro,janssen_bace
1008,26,32,2.643547534942627,1.2970044614404086,0.2126637479512121,-50.92,0.36,-51.25,0.36,-49.99,0.41,-45.91,0.72,-43.64,0.76,-46.33,0.67,ciordia_retro,janssen_bace
1009,41,26,-1.255101203918457,-0.9950605481198217,0.8114682239286463,41.79,0.37,42.22,0.52,40.59,0.46,29.84,1.14,38.65,0.72,43.62,0.83,ciordia_retro,janssen_bace
1010,28,31,-0.5365390777587891,1.155991077119184,0.08506169157321318,16.46,0.27,16.48,0.24,16.03,0.21,21.3,0.42,20.66,0.37,21.52,0.36,ciordia_retro,janssen_bace
1011,28,37,-0.4530115127563476,1.6101019757807524,0.1365144614087404,-13.67,0.23,-13.85,0.27,-13.21,0.22,-6.56,0.38,-7.97,0.4,-5.99,0.43,ciordia_retro,janssen_bace
1012,28,40,0.3510351181030273,1.5336201402166996,0.26250284108655353,-42.96,0.26,-43.49,0.24,-43.54,0.22,-39.1,0.62,-36.79,0.52,-34.85,0.76,ciordia_retro,janssen_bace
1013,29,35,-1.1460914611816406,-0.9759400892288036,0.38568660901666846,-109.12,0.74,-109.48,0.55,-107.11,0.48,-115.67,1.06,-110.05,0.86,-112.24,1.02,ciordia_retro,janssen_bace
1014,30,37,-2.5026345252990723,-0.49713193116634796,0.10214184713095374,-13.92,0.27,-13.93,0.28,-13.95,0.31,-16.71,0.46,-15.47,0.44,-15.86,0.44,ciordia_retro,janssen_bace
1015,30,39,-2.4133858680725098,-0.5481198215423743,0.2829730759702288,-245.77,0.27,-245.69,0.21,-245.97,0.23,-245.95,0.5,-247.69,0.56,-250.67,0.56,ciordia_retro,janssen_bace
1016,31,35,-0.3482141494750976,-0.9623964308476678,0.26333312876021764,-82.27,0.22,-81.99,0.24,-81.59,0.28,-88.14,0.8,-85.82,0.78,-83.97,0.76,ciordia_retro,janssen_bace
1017,32,37,-1.7284913063049314,-0.8030592734225622,0.21883860481295428,7.83,0.24,8.07,0.21,9.09,0.23,3.01,0.42,6.36,0.41,5.54,0.42,ciordia_retro,janssen_bace
1018,39,32,1.6392426490783691,0.03425748884639498,0.174668520712234,235.26,0.2,235.25,0.23,234.68,0.2,236.16,0.39,235.84,0.44,233.62,0.47,ciordia_retro,janssen_bace
1019,40,33,1.5060477256774902,-0.9313256851497755,0.14879880383166066,-65.09,0.22,-65.23,0.18,-65.05,0.2,-70.16,0.39,-69.17,0.33,-67.73,0.34,ciordia_retro,janssen_bace
1020,40,36,-2.3327560424804683,-4.2670490758444855,0.6093347568045493,44.0,0.35,44.07,0.34,43.19,0.49,28.65,1.77,20.11,1.45,28.94,1.17,ciordia_retro,janssen_bace
1021,41,40,0.4640016555786133,1.398183556405353,0.8575794322768551,25.69,0.46,26.07,0.49,26.05,0.41,23.6,1.11,34.73,2.7,37.03,2.06,ciordia_retro,janssen_bace
1022,29,32,-0.369999885559082,-0.7186105799872524,0.42063271835624827,24.1,0.46,24.34,0.39,25.44,0.4,17.78,0.87,24.43,0.63,22.65,1.16,keranen_p2,janssen_bace
1023,29,38o,-0.5,0.047801147227534126,0.1704365229356652,-93.73,0.27,-93.62,0.27,-94.08,0.23,-92.16,0.42,-94.87,0.33,-93.8,0.44,keranen_p2,janssen_bace
1024,39o,29,-0.3099994659423828,-0.0031867431485027246,0.3163409598014466,66.95,0.52,62.86,0.22,63.07,0.23,65.94,0.53,63.67,0.32,63.23,0.41,keranen_p2,janssen_bace
1025,30,31,0.0,-0.31070745697896723,0.12469367758567783,11.04,0.24,11.62,0.24,11.38,0.24,10.05,0.34,10.95,0.38,9.14,0.43,keranen_p2,janssen_bace
1026,30,33,0.11999988555908199,0.4859783301465906,0.09659383509009983,-23.03,0.3,-23.12,0.29,-23.28,0.27,-21.24,0.5,-21.32,0.67,-20.77,0.56,keranen_p2,janssen_bace
1027,31,32,0.0,-1.145634161886552,0.14701893862999701,12.2,0.24,11.84,0.3,12.38,0.3,7.24,0.49,8.48,0.49,6.32,0.37,keranen_p2,janssen_bace
1028,31,33,0.11999988555908199,0.05656469088591579,0.10231504431058103,-34.29,0.35,-33.73,0.31,-34.61,0.36,-33.66,0.38,-33.85,0.53,-34.41,0.42,keranen_p2,janssen_bace
1029,33,34,0.0900001525878906,-1.9335564053537293,0.21849068298507313,26.98,0.68,28.71,0.86,27.26,0.54,20.4,0.92,19.34,0.81,18.94,1.25,keranen_p2,janssen_bace
1030,37o,33,0.3200006484985351,1.2962077756532824,0.1903617567144625,11.11,0.45,11.51,0.64,11.19,0.46,16.66,1.42,17.44,1.02,15.98,0.83,keranen_p2,janssen_bace
1031,36o,34,0.2100000381469726,0.1832377310388789,0.45042178748580364,17.32,0.51,14.12,0.58,15.02,0.78,19.06,1.91,16.42,0.88,13.28,1.93,keranen_p2,janssen_bace
1032,38o,34,0.3400001525878906,-0.834130019120461,0.5758432631738407,96.63,0.48,96.05,0.55,95.65,0.39,98.18,1.36,90.2,1.07,89.48,1.16,keranen_p2,janssen_bace
1033,35,36o,-0.5499992370605469,-1.1902485659655833,0.29478026566236754,4.91,0.41,3.63,0.4,4.69,0.36,1.58,1.97,-2.11,0.74,-1.18,0.82,keranen_p2,janssen_bace
1034,39o,35,-0.1300001144409179,1.3949968132568529,0.26251830331104303,45.07,0.35,44.84,0.33,44.54,0.37,51.43,1.19,48.5,0.86,52.03,0.96,keranen_p2,janssen_bace
1035,36o,37o,-0.2000007629394531,-0.07249840662842519,0.1290669290777176,-23.71,0.2,-24.15,0.18,-24.07,0.18,-25.48,0.24,-23.85,0.33,-23.51,0.22,keranen_p2,janssen_bace
1036,36o,39o,0.6799993515014648,0.09639898024219311,0.24859661554727153,-48.93,0.19,-49.02,0.21,-49.02,0.25,-51.05,0.28,-47.35,0.51,-47.36,0.32,keranen_p2,janssen_bace
1037,37o,38o,0.07000064849853509,0.851657106437221,0.16427306086445148,-57.66,0.23,-57.41,0.24,-57.85,0.26,-52.9,0.5,-53.82,0.33,-55.51,0.24,keranen_p2,janssen_bace
1038,15,14,1.9527339935302734,0.8803377947737404,0.11613579626132071,36.63,0.39,36.13,0.35,36.64,0.4,40.5,0.6,40.13,0.53,39.82,0.82,hne,mcs_docking_set
1039,17,14,1.088526725769043,0.31070745697896857,0.08906956452326678,-20.03,0.22,-20.33,0.27,-20.33,0.29,-19.29,0.36,-19.12,0.41,-18.38,0.42,hne,mcs_docking_set
1040,6,14,-3.292929172515869,-3.280752071383041,0.2494631927137585,116.93,0.81,117.89,0.64,118.33,0.7,104.05,2.1,104.67,0.84,103.25,1.06,hne,mcs_docking_set
1041,16,15,-0.4395866394042969,-1.1775015933715764,0.11681227964293635,95.46,0.36,96.56,0.5,96.11,0.35,91.08,0.59,90.94,0.58,91.33,0.49,hne,mcs_docking_set
1042,22,15,-0.9169073104858398,0.3234544295729743,0.19777949120895577,-165.83,0.4,-165.72,0.5,-163.74,0.59,-163.14,0.74,-163.88,0.91,-164.21,0.84,hne,mcs_docking_set
1043,16,19,0.3026561737060547,1.0763224984066284,0.15415656159444754,-3.21,0.41,-2.8,0.35,-2.45,0.48,2.53,0.58,1.21,0.59,1.31,1.07,hne,mcs_docking_set
1044,17,27,-3.0739994049072266,-4.326800509878909,0.20573665100753297,297.19,0.6,295.82,0.48,296.72,0.51,279.53,1.09,277.34,0.68,278.55,0.85,hne,mcs_docking_set
1045,17,6,4.381455898284912,2.6840344168260115,0.2640710918562147,-138.06,0.75,-138.3,0.7,-137.85,0.78,-126.47,1.26,-126.05,0.88,-128.0,2.15,hne,mcs_docking_set
1046,21,18,1.519693374633789,1.3886233269598407,0.5041869998173653,-243.6,0.82,-244.06,0.92,-245.66,0.92,-236.01,1.34,-242.86,1.94,-237.02,1.41,hne,mcs_docking_set
1047,22,18,0.6027860641479493,1.6116953473550046,0.08530181585859702,-98.99,0.27,-98.66,0.28,-99.25,0.32,-91.84,0.34,-92.61,0.4,-92.22,0.35,hne,mcs_docking_set
1048,30,18,2.3410520553588867,3.0043021032504758,0.18892090287669094,243.83,0.66,245.02,0.71,244.26,0.75,256.69,1.07,256.57,0.85,257.56,1.08,hne,mcs_docking_set
1049,19,20,1.0326833724975586,-0.36647546207775267,0.18680708264372653,118.99,0.45,118.45,0.54,117.97,0.46,116.05,0.72,116.64,0.88,118.12,0.84,hne,mcs_docking_set
1050,21,19,0.7422428131103516,1.7479286169534598,0.4071893374608053,-415.05,0.7,-413.77,1.33,-412.79,0.77,-404.29,1.71,-408.94,2.33,-406.44,1.13,hne,mcs_docking_set
1051,21,20,1.7749261856079102,1.011790949649462,0.3150120398026824,-293.58,1.05,-292.42,0.84,-293.2,0.75,-289.25,2.18,-288.9,2.5,-288.35,1.16,hne,mcs_docking_set
1052,22,20,0.8580188751220703,1.0364882090503453,0.2451998989516802,-147.23,0.25,-144.01,0.37,-147.25,0.32,-141.51,0.39,-142.87,0.32,-141.1,0.34,hne,mcs_docking_set
1053,20,25,-1.4964561462402344,-2.203632887189299,0.23377163420023767,278.53,0.28,275.93,0.35,279.3,0.3,267.73,0.54,269.4,0.39,268.97,0.41,hne,mcs_docking_set
1054,22,23,0.9902276992797852,-0.3561185468451239,0.12491339782260374,-27.29,0.36,-27.22,0.34,-27.61,0.34,-29.59,0.7,-28.63,0.46,-28.37,0.64,hne,mcs_docking_set
1055,22,26,-1.2195634841918943,-1.754302103250477,0.11309704506652003,41.02,0.23,40.92,0.22,40.78,0.21,32.77,0.31,34.52,0.29,33.41,0.3,hne,mcs_docking_set
1056,28,22,1.2819881439208984,2.0052581261950118,0.177866238619255,273.44,0.5,273.98,0.51,274.47,0.52,283.68,0.7,281.63,0.53,281.75,0.54,hne,mcs_docking_set
1057,23,25,-1.6286649703979492,-0.6971000637348607,0.08196258652101929,158.68,0.25,158.94,0.21,158.77,0.25,155.49,0.54,156.19,0.41,155.96,0.37,hne,mcs_docking_set
1058,29,25,1.89794921875,1.9829509241555097,0.16577146240772125,207.4,0.54,206.15,0.44,206.89,0.53,216.0,0.73,214.84,0.69,214.49,0.66,hne,mcs_docking_set
1059,30,25,1.0998287200927734,0.9528362014021698,0.17233823626509015,474.28,0.45,474.2,0.56,474.2,0.55,477.43,0.78,479.53,0.52,477.68,0.67,hne,mcs_docking_set
1060,26,27,-1.9071359634399416,-1.4802421924792917,0.09463520269713337,149.37,0.21,148.86,0.24,149.0,0.19,142.15,0.32,143.1,0.3,143.4,0.29,hne,mcs_docking_set
1061,28,26,0.062424659729003885,0.0669216061185675,0.2472608846052555,317.17,0.26,317.19,0.22,316.93,0.21,316.62,0.31,315.72,0.32,319.79,0.28,hne,mcs_docking_set
1062,29,26,1.3168230056762695,1.1591778202676817,0.12227050682367885,121.29,0.25,120.58,0.28,119.99,0.26,125.85,0.41,124.75,0.4,125.81,0.39,hne,mcs_docking_set
1063,29,6,6.865142345428467,4.778521351179096,1.6408507294952746,-170.02,0.98,-171.23,1.23,-169.6,0.93,-159.61,2.66,-134.19,3.34,-157.07,2.8,hne,mcs_docking_set
1064,b1a2m,b1i2e,-0.8687524795532228,-2.1614085404716388,0.11844508063180978,-9.46,0.36,-9.12,0.35,-8.69,0.4,-17.93,0.33,-18.97,0.4,-17.5,0.34,renin,mcs_docking_set
1065,b1a2m,b1i2j,-1.7189512252807615,-2.0331421287444233,0.21165901640958076,2.7,0.56,0.77,0.38,1.88,0.35,-5.15,0.7,-7.38,0.42,-7.64,0.49,renin,mcs_docking_set
1066,b1i2c,b1i1,-0.5107741355895996,1.5336201402166962,0.6134586656538003,-146.67,0.97,-147.85,1.01,-147.44,0.73,-145.41,3.4,-139.87,1.82,-137.43,2.91,renin,mcs_docking_set
1067,b1i2d,b1i1,1.0195016860961914,1.391013384321222,0.6509096673098617,-73.83,0.94,-72.5,1.23,-76.01,1.23,-65.8,1.62,-65.26,1.06,-73.82,2.5,renin,mcs_docking_set
1068,b1i2n,b1i1,3.5819664001464844,2.643403441682601,0.32412795201005157,-73.44,0.67,-70.49,0.97,-73.17,0.68,-60.6,1.0,-60.6,1.16,-62.72,1.9,renin,mcs_docking_set
1069,b1i4a,b1i1,-0.1590714454650879,1.0301147227533465,0.4617062739919572,79.37,0.71,78.9,0.65,82.17,0.59,82.72,1.96,87.83,1.54,82.82,1.53,renin,mcs_docking_set
1070,b1i2e,b1i2a,1.774885177612305,1.610898661567877,0.2761575873793064,-26.93,0.35,-25.2,0.32,-25.68,0.34,-21.01,0.34,-16.74,0.38,-19.84,0.3,renin,mcs_docking_set
1071,b1i2i,b1i2a,1.1145896911621094,0.6397386870618251,0.22266420690899055,-35.77,0.32,-34.88,0.3,-35.68,0.31,-31.46,0.73,-34.58,0.92,-32.26,0.69,renin,mcs_docking_set
1072,b1i4a,b1i2a,-1.4641098976135254,-0.33859145952836656,0.1640535336920295,109.44,0.3,109.48,0.31,109.23,0.34,107.23,0.37,107.23,0.52,109.44,0.4,renin,mcs_docking_set
1073,b1i4i,b1i2a,0.0912685394287109,-0.9823135755258159,0.853087911883416,126.04,0.58,126.17,0.88,128.87,0.61,116.69,1.19,130.84,1.16,121.22,1.2,renin,mcs_docking_set
1074,b1i2c,b1i2g,-1.454287052154541,-2.192479286169538,0.4990438347340843,-138.24,0.3,-138.66,0.3,-139.14,0.32,-151.41,0.55,-142.97,0.53,-149.18,0.48,renin,mcs_docking_set
1075,b1i2d,b1i2o,-2.1516904830932617,-1.4284576163161244,0.9552370407602954,-15.07,0.35,-15.83,0.4,-16.25,0.42,-25.59,0.5,-27.43,0.79,-12.06,0.58,renin,mcs_docking_set
1076,b1i4g,b1i2e,-2.120039939880371,-4.178616953473548,0.2876392970905804,79.8,0.38,80.39,0.3,79.81,0.36,60.45,0.47,65.02,0.76,62.08,0.84,renin,mcs_docking_set
1077,b1i2h,b1i2g,1.4855289459228516,1.2404397705544927,0.34817663728801557,-28.37,0.23,-28.07,0.25,-27.99,0.26,-25.3,0.46,-24.01,0.58,-19.55,0.4,renin,mcs_docking_set
1078,b1i4g,b1i2g,0.01637077331542959,-2.0920968769917136,0.2607377067294233,28.71,0.41,28.71,0.43,29.3,0.43,22.07,0.88,18.02,0.73,20.37,0.79,renin,mcs_docking_set
1079,b1i2h,b1i2j,-1.5010805130004885,-0.9464627151051637,0.1885270018235804,32.59,0.29,32.78,0.3,33.4,0.32,27.44,0.36,29.0,0.4,30.45,0.32,renin,mcs_docking_set
1080,b1i2h,b1i2o,-0.7421503067016602,-0.26051625239005816,0.38642892418115743,17.9,0.36,17.88,0.35,19.53,0.34,19.57,0.44,18.81,0.68,13.66,0.42,renin,mcs_docking_set
1081,b1i2n,b1i2i,1.1623382568359375,-1.1647546207775652,0.19793241210236856,0.98,0.26,0.98,0.26,1.28,0.29,-4.36,0.44,-1.95,0.54,-5.07,0.39,renin,mcs_docking_set
1082,b1i4b,b1i2j,-2.933676719665528,-0.34815168897386795,0.28224241781632897,51.9,0.31,52.51,0.3,51.7,0.3,53.3,0.54,49.01,0.47,49.43,0.51,renin,mcs_docking_set
1083,b1i2n,b1i2k,0.3409252166748047,-1.8881453154875714,0.37586807678950196,45.65,0.36,48.59,0.38,48.04,0.36,39.29,0.51,36.8,0.45,42.49,0.62,renin,mcs_docking_set
1084,b1i4a,b1i2k,-3.4001126289367676,-2.535054174633522,0.29264036320525044,187.01,0.32,187.0,0.36,186.55,0.35,176.85,0.6,178.23,1.06,173.66,0.43,renin,mcs_docking_set
1085,b1i2o,b1i4e,0.376805305480957,1.2858508604206491,0.248989159285319,-54.35,0.32,-54.5,0.33,-52.76,0.32,-46.46,0.7,-49.6,0.54,-49.41,0.73,renin,mcs_docking_set
1086,b1i4b,b1i4a,1.1555171012878418,1.5137029955385617,0.35292619063758685,-92.78,0.41,-92.98,0.27,-92.63,0.34,-83.87,0.66,-89.78,0.75,-85.74,0.46,renin,mcs_docking_set
1087,b1i4a,b1i5a,-3.1598687171936035,-4.5697896749522,0.7380534090671771,106.95,0.53,108.42,0.57,103.52,0.44,92.74,1.27,87.84,0.67,80.95,0.66,renin,mcs_docking_set
1088,b1i4a,b1i5b,-0.7723002433776855,-3.475143403441677,0.9878577225240784,91.24,0.49,90.66,0.36,89.68,0.39,73.59,0.99,85.51,0.98,68.86,1.42,renin,mcs_docking_set
1089,b1i4a,b1i5c,-4.632164478302002,-5.866794136392606,0.3404075987034032,5.32,0.4,4.98,0.46,8.6,0.38,-20.1,0.99,-17.7,1.3,-16.94,1.35,renin,mcs_docking_set
1090,b1i4a,b1i5d,-3.9811453819274893,-2.97960484384959,0.5095822209914073,-103.37,0.42,-101.91,0.42,-102.88,0.48,-113.29,1.51,-119.4,1.94,-112.87,2.47,renin,mcs_docking_set
1091,b1i4a,b1i5h,-3.570507526397705,-2.189292543021038,0.695051950128841,132.71,0.48,134.75,0.42,133.36,0.4,119.34,0.84,130.76,0.95,123.24,2.02,renin,mcs_docking_set
1092,b1i4a,b1i5i,-4.221389293670654,-3.79859783301466,0.6757638235591095,23.74,0.52,20.69,0.46,20.25,0.4,7.35,0.69,10.2,0.78,-0.55,1.12,renin,mcs_docking_set
1093,b1i4a,b1i5j,-4.221389293670654,-2.0673996175908225,0.2866592697181729,-3.12,0.38,-3.56,0.5,-4.41,0.46,-11.13,0.86,-11.75,0.89,-14.16,2.32,renin,mcs_docking_set
1094,b1i4a,b1i5k_xray,-4.632164478302002,-0.4708413001912077,0.7376647169352306,95.11,0.54,96.51,0.52,95.54,0.62,98.03,1.37,86.56,1.38,96.66,1.18,renin,mcs_docking_set
1095,b1i5l,b1i4a,2.4175820350646973,0.20554493307839375,0.45295236276932577,-111.6,0.45,-111.04,0.41,-111.32,0.43,-108.71,0.98,-107.82,0.63,-114.85,0.99,renin,mcs_docking_set
1096,b1i4a,b1i5n,-3.0081648826599117,-2.2092096876991727,0.6133464910734934,151.56,0.66,149.86,0.65,152.23,0.61,142.92,1.18,136.55,1.13,146.45,1.67,renin,mcs_docking_set
1097,b1i4a,b1i5o,-2.8006625175476074,-2.9437539834289375,0.5682736282906085,-102.58,0.77,-100.3,0.56,-100.52,1.04,-115.67,2.46,-113.36,3.15,-111.32,4.65,renin,mcs_docking_set
1098,b1i4b,b1i5a,-2.0043516159057617,-2.9485340981516885,0.44988888209578676,10.62,0.34,9.67,0.33,9.99,0.38,-6.3,0.71,1.1,1.31,-1.53,0.62,renin,mcs_docking_set
1099,b1i4b,b1i5c,-3.4766473770141606,-2.1948693435309155,0.4568089526123893,-86.74,0.32,-85.28,0.39,-87.65,0.31,-93.34,1.81,-94.16,1.36,-99.72,0.73,renin,mcs_docking_set
1100,b1i4b,b1i5d,-2.8256282806396484,-2.8250478011472326,0.27484896698888983,-195.67,0.46,-195.96,0.34,-194.94,0.52,-208.99,1.02,-207.38,1.17,-205.66,1.79,renin,mcs_docking_set
1101,b1i4b,b1i5i,-3.0658721923828125,-1.2715105162523919,0.7659224478515038,-70.37,0.4,-73.41,0.43,-74.11,0.52,-85.15,2.69,-74.43,0.8,-74.27,0.87,renin,mcs_docking_set
1102,b1i4b,b1i5j,-3.0658721923828125,-1.497769279796055,0.6320458321567879,-96.47,0.49,-95.66,0.47,-92.41,0.43,-105.45,1.14,-95.67,0.78,-102.22,1.21,renin,mcs_docking_set
1103,b1i4b,b1i5k_xray,-3.4766473770141606,-1.5630975143403438,0.42113381110524817,4.63,0.43,4.46,0.41,4.51,0.5,-3.51,1.19,-4.43,0.87,1.92,1.24,renin,mcs_docking_set
1104,b1i4b,b1i5l,-1.2620649337768557,1.454748247291268,0.35714657026170704,18.81,0.4,19.1,0.34,18.42,0.41,21.39,0.71,26.2,0.45,27.0,0.67,renin,mcs_docking_set
1105,b1i4b,b1i5o,-1.6451454162597656,-0.7680050987890388,0.7893673149866531,-192.77,0.68,-192.69,0.67,-193.14,0.82,-192.4,1.55,-203.81,1.83,-192.03,1.5,renin,mcs_docking_set
1106,b1i4g,b1i4e,-1.834503173828125,-1.8411408540471637,0.12063113843885274,24.91,0.27,24.53,0.27,24.4,0.24,16.14,0.37,16.72,0.38,17.87,0.42,renin,mcs_docking_set
1107,b1i4i,b1i4e,-1.3980798721313477,-0.6931166347992331,0.42014624278915974,85.2,0.49,85.82,0.4,83.25,0.58,78.39,0.7,82.15,0.65,85.03,0.65,renin,mcs_docking_set
1108,b1i5b,b1i5c,-3.859864234924317,-2.182919056724026,0.8349836030014963,-85.28,0.36,-85.19,0.42,-85.21,0.35,-98.47,1.67,-98.63,0.94,-85.98,0.96,renin,mcs_docking_set
1109,b1i5i,b1i5h,0.6508817672729493,-0.8070427023581895,0.14311705097730706,112.51,0.45,112.11,0.39,112.58,0.42,109.24,0.7,108.21,0.63,109.62,0.72,renin,mcs_docking_set
1110,b1i5i,b1i5n,1.2132244110107422,0.6636392606755838,0.4638274112361998,130.2,0.55,130.99,0.51,129.81,0.43,130.41,1.39,136.92,2.53,132.0,1.28,renin,mcs_docking_set
1111,cmpd 2 (methyl),cmpd 3 (Allyl),2.5,1.8204270235818998,0.32448703847273525,11.53,0.27,11.44,0.29,12.08,0.27,22.2,0.81,18.69,0.94,17.01,0.71,brd4,water_set
1112,cmpd 2 (methyl),cmpd 4 (Crotyl),0.9499998092651368,1.5750478011472275,0.40642665327120103,8.31,0.33,8.57,0.38,8.66,0.35,13.48,0.81,17.46,0.75,14.37,3.9,brd4,water_set
1113,cmpd 2 (methyl),cmpd 5 (1-Butenyl),1.9500002861022947,1.662683237731039,0.459605416311072,19.19,0.32,19.87,0.44,19.6,0.34,22.72,1.83,26.8,1.56,30.01,0.79,brd4,water_set
1114,cmpd 2 (methyl),cmpd 6 (ethyl),1.0,1.0364882090503507,0.11305879345730707,-5.21,0.22,-5.11,0.22,-4.96,0.22,-0.51,0.42,-0.08,0.3,-1.68,0.36,brd4,water_set
1115,cmpd 2 (methyl),cmpd 7 (n-propyl),2.570000171661377,2.7445825366475463,0.4921847550602105,5.28,0.3,5.93,0.23,5.63,0.31,14.39,2.01,15.22,1.05,21.68,1.0,brd4,water_set
1116,cmpd 2 (methyl),cmpd 8 (n-Butyl),1.9300003051757808,0.7680050987890374,0.8008601975859677,12.68,0.45,13.21,0.35,13.49,0.42,21.47,1.65,10.1,4.12,17.45,4.24,brd4,water_set
1117,cmpd 2 (methyl),cmpd 9 (methoxyethyl),2.37000036239624,3.189929891650733,0.45464497360290745,6.9,0.32,6.59,0.35,7.09,0.29,19.63,1.08,24.29,1.15,16.7,0.89,brd4,water_set
1118,cmpd 3 (Allyl),cmpd 4 (Crotyl),-1.5500001907348633,-2.5215105162523903,0.14288954531267034,-3.46,0.16,-3.71,0.23,-3.62,0.2,-15.07,0.32,-12.82,0.29,-14.55,0.29,brd4,water_set
1119,cmpd 5 (1-Butenyl),cmpd 7 (n-propyl),0.619999885559082,0.5887507966857874,0.1435902850649424,-14.18,0.24,-14.84,0.25,-14.4,0.29,-11.41,0.26,-11.39,0.55,-13.23,0.44,brd4,water_set
1120,cmpd 6 (ethyl),cmpd 7 (n-propyl),1.570000171661377,1.472275334608031,0.4126533947049557,10.48,0.24,10.59,0.21,11.15,0.23,15.87,0.53,14.01,0.91,20.82,0.43,brd4,water_set
1121,cmpd 9 (methoxyethyl),cmpd 8 (n-Butyl),-0.44000005722045893,0.4102931803696622,0.21029254026788136,5.63,0.36,4.77,0.42,6.05,0.33,5.64,0.52,8.77,0.52,7.19,0.48,brd4,water_set
1122,16 docked,11 docked,0.8028497695922852,0.7170172084130021,0.40402054212873745,5.88,0.29,6.82,0.31,6.16,0.24,5.48,0.87,12.12,0.69,10.26,0.9,chk1,water_set
1123,21 (Xtal),11 docked,2.089900016784668,0.7934990439770572,0.2731941095918683,-41.41,0.38,-41.11,0.43,-41.39,0.46,-39.69,1.63,-36.48,1.28,-37.78,1.25,chk1,water_set
1124,12 docked,15 docked,-1.4313983917236328,0.5274059910771188,1.0982250291406996,9.05,0.27,8.21,0.29,9.38,0.32,1.68,0.63,20.72,2.5,10.86,0.9,chk1,water_set
1125,21 (Xtal),12 docked,4.456198692321777,3.7978011472275335,0.7438759289181371,5.79,0.51,5.16,0.47,6.15,0.34,27.38,3.63,21.38,2.2,16.01,1.76,chk1,water_set
1126,13 docked,17 torsion adjust,-0.4030961990356445,-0.4047163798597854,0.25377409379006555,-37.11,0.28,-37.45,0.31,-37.98,0.32,-40.32,1.42,-37.43,1.04,-39.87,1.34,chk1,water_set
1127,21 (Xtal),13 docked,3.1477766036987305,0.2660930528999337,0.6469040449770105,43.56,0.45,44.65,0.42,44.53,0.4,39.06,0.96,49.57,1.34,47.45,0.96,chk1,water_set
1128,14 docked,16 docked,-0.9115200042724608,-1.2021988527724667,0.5041910149524295,-17.98,0.23,-17.85,0.26,-17.97,0.23,-26.77,0.36,-24.04,0.52,-18.08,0.36,chk1,water_set
1129,21 (Xtal),14 docked,2.198570251464844,2.5294773741236454,0.3357594140930869,-37.72,0.37,-36.65,0.36,-37.36,0.46,-24.63,0.87,-27.66,1.94,-27.69,2.55,chk1,water_set
1130,21 (Xtal),15 docked,3.0248003005981445,2.2418738049713207,0.5667549597089251,21.13,0.55,20.89,0.56,21.89,0.54,35.49,1.96,26.13,1.12,30.43,0.67,chk1,water_set
1131,21 (Xtal),16 docked,1.2870502471923828,0.39356277884002594,0.4049364310529109,-49.78,0.46,-50.25,0.46,-49.31,0.38,-49.95,1.24,-49.22,1.16,-45.23,2.9,chk1,water_set
1132,22,16 docked,1.2870502471923828,1.1910452517527088,0.31953404248510564,27.59,0.41,28.31,0.47,27.59,0.49,34.15,1.25,33.18,1.29,31.11,2.54,chk1,water_set
1133,21 (Xtal),17 torsion adjust,2.744680404663086,1.114563416188655,0.34359811934233736,5.58,0.36,5.16,0.45,5.45,0.31,10.17,3.14,10.93,1.5,9.08,2.07,chk1,water_set
1134,18 docked,19,-0.6997804641723633,0.944072657743786,0.3180814238733551,13.25,0.24,13.28,0.22,12.77,0.25,20.05,0.4,16.44,0.37,14.66,0.5,chk1,water_set
1135,21 (Xtal),18 docked,3.5190505981445312,1.4507648183556414,0.25169248141717365,-26.06,0.43,-26.05,0.49,-26.17,0.49,-19.04,1.25,-19.54,1.29,-21.49,1.59,chk1,water_set
1136,21 (Xtal),19,2.819270133972168,1.1297004461440407,0.6841368132016885,-9.18,0.43,-8.11,0.45,-8.71,0.5,-0.46,2.11,-1.04,1.27,-10.32,2.05,chk1,water_set
1137,21 (Xtal),20,2.986330032348633,3.357233906947101,1.07474567116891,22.02,0.51,21.77,0.4,23.16,0.41,44.42,1.0,38.32,2.65,26.35,2.35,chk1,water_set
1138,24 pose 2,20,3.095000267028809,3.7619502868068833,0.7283170932600458,11.33,0.46,12.44,0.35,12.73,0.35,32.42,2.62,30.01,1.73,21.29,1.7,chk1,water_set
1139,21 (Xtal),22,0.0,0.4190567240280426,0.1602508251954698,-77.79,0.35,-77.9,0.37,-78.21,0.36,-76.04,0.66,-77.39,0.57,-75.21,0.62,chk1,water_set
1140,21 (Xtal),24 pose 2,-0.1086702346801757,-8.690248565965582,1.0997222611779367,12.89,0.71,9.18,0.56,10.42,0.5,-28.82,2.6,-32.26,1.44,-15.51,4.04,chk1,water_set
1141,cmpd 13,cmpd 10,0.9600000381469731,4.176226896112174,0.24069737820091022,19.71,0.21,19.38,0.24,19.92,0.26,38.46,0.34,34.78,0.31,38.19,0.5,hsp90_kung,water_set
1142,cmpd 16,cmpd 10,1.140000343322754,4.117272147864882,0.27256742658566463,46.15,0.27,45.92,0.25,45.95,0.26,62.33,0.37,61.47,0.4,65.9,0.37,hsp90_kung,water_set
1143,cmpd 10,cmpd 8,2.329999446868897,6.818036966220522,0.4574677269756541,-76.3,0.37,-75.55,0.34,-75.17,0.45,-49.71,0.57,-49.1,0.62,-42.63,0.92,hsp90_kung,water_set
1144,cmpd 11,cmpd 12,0.0,-0.7026768642447413,0.04155585562089618,52.83,0.17,52.42,0.16,52.73,0.16,49.79,0.18,49.65,0.17,49.72,0.19,hsp90_kung,water_set
1145,cmpd 15,cmpd 11,0.4200000762939453,1.0269279796048438,0.1244544964757387,-27.48,0.23,-27.95,0.16,-27.76,0.21,-22.69,0.32,-24.55,0.23,-23.06,0.28,hsp90_kung,water_set
1146,cmpd 9,cmpd 11,-1.2699995040893557,-2.377310388782665,0.0806058267927515,-102.24,0.16,-102.63,0.15,-102.65,0.18,-113.13,0.19,-112.12,0.24,-112.11,0.25,hsp90_kung,water_set
1147,cmpd 15,cmpd 12,0.4200000762939453,0.4238368387507967,0.04613388533718845,25.39,0.2,25.11,0.18,25.26,0.16,27.09,0.27,27.07,0.23,26.92,0.26,hsp90_kung,water_set
1148,cmpd 7,cmpd 12,0.2200002670288086,-8.377947737412379,0.554317752152916,559.34,0.36,558.67,0.35,558.87,0.36,528.31,1.88,524.3,0.84,519.11,0.31,hsp90_kung,water_set
1149,cmpd 9,cmpd 12,-1.2699995040893557,-3.1437221159974533,0.13661666928454555,-43.6,0.18,-43.78,0.2,-43.76,0.21,-57.14,0.19,-55.6,0.24,-57.86,0.18,hsp90_kung,water_set
1150,cmpd 16,cmpd 13,0.1800003051757812,-0.2589228808158068,0.06927429907282895,26.22,0.21,25.99,0.2,26.39,0.17,25.26,0.19,24.59,0.2,25.5,0.17,hsp90_kung,water_set
1151,cmpd 13,cmpd 17,-0.5900001525878906,0.19439133205863632,0.19255064667347024,-10.96,0.26,-10.48,0.29,-10.83,0.31,-10.06,0.58,-11.42,0.5,-8.35,0.59,hsp90_kung,water_set
1152,cmpd 9,cmpd 13,-2.2299995422363277,-4.032026768642448,0.600985436913297,-29.74,0.19,-29.91,0.22,-29.4,0.24,-49.26,0.47,-49.94,0.45,-40.46,0.56,hsp90_kung,water_set
1153,cmpd 16,cmpd 14,2.5099997520446777,3.3245697896749538,0.08205207070711869,20.93,0.22,20.76,0.25,20.97,0.2,35.01,0.5,34.95,0.43,34.43,0.52,hsp90_kung,water_set
1154,cmpd 14,cmpd 8,0.9600000381469731,5.532982791586997,1.0371238102134142,-50.76,0.32,-51.62,0.39,-50.78,0.39,-37.68,1.41,-26.44,0.52,-19.59,0.61,hsp90_kung,water_set
1155,cmpd 9,cmpd 14,0.0999999046325683,-0.6285850860420656,0.09810643827058506,-34.94,0.18,-35.14,0.19,-35.3,0.23,-37.59,0.29,-38.57,0.3,-37.11,0.26,hsp90_kung,water_set
1156,cmpd 15,cmpd 17,-1.130000114440918,-1.018164435946463,0.1578671748465452,30.48,0.25,30.51,0.3,29.84,0.23,25.04,0.55,27.15,0.72,25.86,0.57,hsp90_kung,water_set
1157,cmpd 16,cmpd 17,-0.4099998474121094,-0.4254302103250481,0.11455568195849099,15.38,0.24,15.0,0.33,15.0,0.27,13.94,0.52,12.56,0.51,13.54,0.47,hsp90_kung,water_set
1158,cmpd 7,cmpd 8,2.549999713897705,2.170968769917154,0.4401802853923812,515.6,0.28,515.83,0.26,515.73,0.27,527.07,0.93,520.79,0.6,526.55,2.27,hsp90_kung,water_set
1159,cmpd 9,cmpd 7,-1.489999771118164,5.348948374760965,0.4919662620393365,-602.77,0.3,-603.03,0.3,-602.63,0.29,-581.5,0.73,-584.07,0.8,-575.72,0.62,hsp90_kung,water_set
1160,1,2,1.9800004959106443,6.060388782664118,0.6823221936630662,75.88,0.48,76.13,0.69,74.94,0.66,94.54,0.59,102.35,0.82,106.13,0.73,hsp90_woodhead,water_set
1161,1,3,4.640000343322754,3.2162205226258753,0.4360540405254755,34.3,0.84,35.76,0.92,35.67,0.83,47.84,0.88,52.57,0.84,45.69,0.65,hsp90_woodhead,water_set
1162,3,2,-2.65999984741211,0.7735818992989142,0.4245457557323785,46.45,0.88,40.63,0.56,40.02,0.69,45.06,0.67,46.14,0.6,45.61,0.7,hsp90_woodhead,water_set
1163,4,3,0.8500003814697266,-0.2852135117909492,0.15069287036258547,-18.25,0.45,-17.58,0.5,-17.89,0.51,-19.86,0.5,-17.96,0.39,-19.48,0.43,hsp90_woodhead,water_set
1164,2d,4d,-1.861650466918945,-1.8634480560866828,0.5469808387334024,393.06,0.44,393.71,0.51,392.93,0.39,390.58,1.2,381.52,0.7,384.21,1.17,scyt_dehyd,water_set
1165,2d,5d,0.22825908660888672,-0.9034416826003758,0.31082978092536523,381.52,0.18,380.98,0.19,381.76,0.19,378.14,0.23,380.05,0.34,374.73,0.39,scyt_dehyd,water_set
1166,8d,2d,-2.8533496856689453,0.12189292543023532,0.6889720644279399,-715.75,0.19,-715.98,0.2,-716.11,0.18,-710.23,0.31,-714.15,0.51,-721.93,1.68,scyt_dehyd,water_set
1167,3d,4d,-6.1501312255859375,-2.786010197578075,0.5395786834144097,-37.01,0.34,-29.76,0.33,-29.9,0.36,-45.61,0.48,-41.66,1.25,-44.37,0.92,scyt_dehyd,water_set
1168,3d,6d,-0.2125787734985351,-1.3240917782026682,0.40072581477281155,356.17,0.18,356.06,0.18,356.09,0.17,349.47,0.39,347.74,0.45,354.49,0.61,scyt_dehyd,water_set
1169,3d,7d,-6.058251380920411,-7.495219885277249,0.7312497368597125,421.63,0.37,421.5,0.35,420.0,0.38,383.9,0.49,388.64,0.63,396.51,0.54,scyt_dehyd,water_set
1170,4d,7d,0.09187984466552729,-1.8929254302103289,0.2700686268410657,449.89,0.21,450.02,0.21,449.85,0.19,444.34,0.18,442.02,0.38,439.64,0.3,scyt_dehyd,water_set
1171,8d,4d,-4.715000152587891,-1.5798279158699842,0.9854562113038078,-323.24,0.58,-320.32,0.36,-321.16,0.41,-326.82,0.78,-320.58,2.69,-337.15,1.2,scyt_dehyd,water_set
1172,5d,6d,3.84764289855957,2.7740599107711823,0.48504670744382106,398.66,0.15,398.37,0.15,398.22,0.15,405.65,0.45,410.26,0.53,414.16,0.28,scyt_dehyd,water_set
1173,5d,7d,-1.998029708862305,-1.5623008285532378,0.2707215201331182,461.68,0.36,461.92,0.37,464.31,0.26,454.88,0.65,457.41,1.01,456.01,1.58,scyt_dehyd,water_set
1174,8d,5d,-2.6250905990600586,-2.080943275971966,0.5888581369910492,-334.12,0.15,-334.63,0.13,-334.64,0.13,-348.78,0.31,-338.51,0.18,-342.22,0.52,scyt_dehyd,water_set
1175,6d,7d,-5.845672607421875,-5.311504142766093,0.5987860317257893,64.1,0.38,64.7,0.29,64.47,0.28,42.47,0.65,36.81,0.35,47.32,0.7,scyt_dehyd,water_set
1176,cmpd 2 (methyl),cmpd 3 (Allyl),1.5199995040893557,1.778202676864245,0.32144624955562356,12.23,0.34,12.35,0.26,11.87,0.32,20.46,1.15,21.42,1.24,16.89,1.15,taf12,water_set
1177,cmpd 2 (methyl),cmpd 4 (Crotyl),1.1499996185302734,1.1950286806883366,0.5919366482996684,8.03,0.39,8.31,0.35,8.35,0.35,9.47,1.15,18.74,1.75,11.48,1.62,taf12,water_set
1178,cmpd 2 (methyl),cmpd 5 (1-Butenyl),-0.1400003433227539,-0.012746972594008364,0.30757004053147924,19.96,0.38,20.58,0.32,19.9,0.42,22.92,0.96,18.54,0.89,18.82,0.95,taf12,water_set
1179,cmpd 2 (methyl),cmpd 6 (ethyl),1.329999923706055,1.3400254939451877,0.15146055906072783,-5.36,0.2,-5.23,0.23,-5.13,0.22,1.59,0.45,0.32,0.34,-0.81,0.39,taf12,water_set
1180,cmpd 2 (methyl),cmpd 7 (n-propyl),1.739999771118164,0.21510516252390022,0.4332304745795493,5.39,0.25,5.77,0.26,5.4,0.27,8.59,0.94,8.38,0.95,2.29,1.23,taf12,water_set
1181,cmpd 2 (methyl),cmpd 8 (n-Butyl),1.579999923706055,1.0930528999362648,0.5104044337919083,13.65,0.45,13.06,0.42,13.4,0.44,21.46,2.05,18.68,1.8,13.69,1.6,taf12,water_set
1182,cmpd 2 (methyl),cmpd 9 (methoxyethyl),2.169999599456787,1.2109623964308474,0.3809063396252346,7.1,0.32,6.13,0.32,6.43,0.32,14.79,2.27,9.95,0.97,10.12,1.25,taf12,water_set
1183,cmpd 3 (Allyl),cmpd 4 (Crotyl),-0.369999885559082,-0.5887507966857871,0.16037548774038393,-3.78,0.15,-3.72,0.22,-4.32,0.21,-5.7,0.27,-5.59,0.33,-7.92,0.24,taf12,water_set
1184,cmpd 5 (1-Butenyl),cmpd 7 (n-propyl),1.880000114440918,1.2619502868068833,0.1394361302194761,-14.24,0.27,-15.15,0.28,-14.93,0.25,-10.4,0.39,-8.38,0.36,-9.7,0.31,taf12,water_set
1185,cmpd 6 (ethyl),cmpd 7 (n-propyl),0.4099998474121094,-0.35850860420650094,0.17603965739624727,10.83,0.22,10.57,0.25,10.6,0.24,10.59,0.56,7.82,0.42,9.09,0.55,taf12,water_set
1186,cmpd 9 (methoxyethyl),cmpd 8 (n-Butyl),-0.5899996757507324,-0.6038878266411727,0.20345144705144866,5.74,0.39,6.14,0.4,5.45,0.38,1.49,0.24,4.79,0.24,3.47,0.47,taf12,water_set
1187,5,1a pose 2,-0.6156768798828126,-0.6461121733588281,0.23092232747387528,-16.56,0.38,-17.68,0.43,-17.4,0.45,-21.97,0.45,-18.62,0.44,-19.16,0.55,thrombin,water_set
1188,5,1b pose 2,-2.4624361991882324,-1.176704907584448,0.17192630057995648,-5.87,0.47,-6.37,0.41,-6.54,0.46,-10.42,0.6,-10.58,0.45,-12.55,0.61,thrombin,water_set
1189,5,1c pose 2,-1.785987377166748,-1.6818036966220518,0.25363237015164397,-14.43,0.37,-13.8,0.49,-13.95,0.57,-19.54,0.51,-23.37,0.56,-20.38,0.71,thrombin,water_set
1190,5,1d pose 2,-1.8076624870300293,-2.684034416826004,0.2865026872139308,-13.89,0.55,-14.37,0.53,-14.47,0.47,-27.34,0.55,-22.96,1.1,-26.12,0.61,thrombin,water_set
1191,5,2a pose 2,0.1771473884582519,-0.887507966857869,1.2884496166155186,61.41,0.44,63.12,0.42,61.5,0.39,70.9,0.79,55.06,1.02,48.93,0.7,thrombin,water_set
1192,5,2b pose 1,-0.4920167922973633,-0.41586998087954324,0.5130168548460723,-52.0,0.45,-52.85,0.59,-52.41,0.41,-54.81,0.75,-58.18,0.85,-49.49,0.96,thrombin,water_set
1193,5,2c pose 2,-0.4920167922973633,-0.10436583811344824,0.2138850848759585,-123.01,0.48,-123.0,0.53,-123.03,0.47,-121.71,0.8,-124.63,0.9,-124.01,0.55,thrombin,water_set
1194,5,2d pose 2,0.1627564430236816,-0.9137985978330191,0.11737338058635469,-126.33,0.43,-126.94,0.48,-126.66,0.47,-130.12,0.55,-130.71,0.61,-130.57,0.72,thrombin,water_set
1195,5,3a xtal pose,-1.3268065452575684,-0.5457297641810065,0.16701481160847295,-13.47,0.44,-14.0,0.47,-12.95,0.4,-16.02,0.62,-16.7,0.51,-14.55,0.43,thrombin,water_set
1196,5,3b pose 1,-0.4612636566162109,0.6644359464627153,0.49942464900903416,5.26,0.47,5.89,0.54,5.75,0.5,12.07,1.8,4.14,1.07,9.03,1.38,thrombin,water_set
1197,5,6a pose 1,-3.1172089576721196,-1.2699171446781397,0.8801822545640899,-23.92,0.53,-24.05,0.47,-23.74,0.47,-28.26,0.82,-22.04,0.92,-37.35,0.88,thrombin,water_set
1198,5,6b pose 2,-2.2432713508605966,-2.0817399617590797,0.28222132036760217,-24.32,0.51,-25.66,0.46,-25.94,0.45,-34.87,0.95,-31.64,0.69,-35.54,0.57,thrombin,water_set
1199,5,6c pose 1,-2.220778942108154,-2.07855321861058,0.32700670878328936,-4.62,0.52,-6.5,0.47,-5.72,0.5,-16.42,1.31,-12.09,1.16,-14.42,1.22,thrombin,water_set
1200,5,6d pose 2,-1.939279079437256,-3.436105799872528,0.19991742578992686,-59.66,0.54,-57.78,0.43,-59.34,0.49,-73.3,0.71,-72.78,1.34,-73.83,0.75,thrombin,water_set
1201,5,6e pose 1,-1.8535313606262207,-0.019120458891014675,0.4140691147335603,-33.66,0.45,-34.3,0.51,-33.14,0.44,-34.07,0.97,-37.05,0.9,-30.22,0.48,thrombin,water_set
1202,5,7a pose 2,-0.8310356140136719,0.7417144678138939,1.387317117794998,-39.85,0.52,-40.36,0.52,-40.47,0.44,-40.2,0.82,-23.67,1.12,-47.5,0.72,thrombin,water_set
1203,5,7b,-0.6156768798828126,0.8357233906947102,0.22005173011485954,13.02,0.46,12.36,0.48,12.15,0.42,16.13,0.62,17.57,0.76,14.32,0.75,thrombin,water_set
1204,5,7c pose 1,-1.2148613929748535,1.4730720203951562,0.3090543566650411,46.66,0.47,46.37,0.5,46.86,0.39,54.7,1.11,50.02,0.6,53.66,0.87,thrombin,water_set
1205,5,7e pose 1,1.1388940811157229,-1.6602931803696628,0.2286888960314478,-30.91,0.49,-30.62,0.52,-30.79,0.62,-38.67,0.82,-38.41,1.46,-36.08,0.82,thrombin,water_set
1206,5,7f,0.6708593368530273,0.07010834926704983,0.331775660647213,-39.3,0.52,-39.1,0.43,-40.18,0.48,-36.58,0.89,-39.26,0.99,-41.86,0.5,thrombin,water_set
1207,7b,7f,1.2865362167358398,-0.9472594008922876,0.2628611464628135,-49.04,0.48,-49.39,0.59,-49.32,0.42,-54.21,0.7,-50.86,0.77,-54.57,0.54,thrombin,water_set
1208,"10302 (1GJ7, no water pose)",11417 (no water pose),0.25674629211425787,1.5646908859145954,0.11226480467371437,-31.8,0.19,-31.7,0.2,-32.16,0.21,-24.44,0.41,-25.84,0.41,-25.74,0.42,urokinase,water_set
1209,"10302 (1GJ7, no water pose)",7806 (no water pose),2.1708574295043945,3.0417463352453793,0.4977172582059199,57.84,0.2,58.23,0.27,57.83,0.22,73.68,0.55,65.71,0.46,72.69,0.66,urokinase,water_set
1210,"10302 (1GJ7, no water pose)",8696 (no water pose),1.0201826095581057,2.443435309114084,0.6594739708358455,75.4,0.26,75.56,0.2,75.43,0.22,89.77,0.36,79.04,0.73,88.25,0.43,urokinase,water_set
1211,11417 (no water pose),7806 (no water pose),1.914111137390137,1.744741873804974,0.23438603366920027,88.38,0.24,89.07,0.23,87.77,0.27,93.83,0.82,95.78,0.41,97.51,0.37,urokinase,water_set
1212,11417 (no water pose),8696 (no water pose),0.7634363174438477,1.7399617590822147,0.11514633829061338,106.28,0.17,105.84,0.19,106.0,0.24,112.74,0.43,114.26,0.42,112.96,0.41,urokinase,water_set
1213,7806 (no water pose),8696 (no water pose),-1.150674819946289,-0.3561185468451239,0.21065041066909218,17.05,0.19,17.6,0.21,17.77,0.2,18.0,0.4,15.15,0.4,14.8,0.36,urokinase,water_set
1214,11,10,0.6547698974609375,0.5266093052899936,0.29166340342022207,-12.85,0.26,-12.8,0.29,-12.9,0.28,-9.61,0.43,-13.45,0.65,-8.88,0.6,btk,miscellaneous_set
1215,9-flip,10,-2.5391540527343746,-2.6792543021032493,0.5056373026218012,30.27,0.25,30.7,0.29,30.88,0.28,24.03,0.49,15.56,0.87,18.63,1.41,btk,miscellaneous_set
1216,11,7,2.440223693847656,3.1198215423836824,0.44114489015056074,-44.66,0.54,-45.48,0.47,-45.14,0.52,-31.25,2.2,-33.75,4.17,-31.12,1.3,btk,miscellaneous_set
1217,11,9-flip,3.1939239501953125,3.6806883365200784,0.23744560651201405,-43.63,0.31,-43.57,0.29,-43.92,0.24,-29.56,0.99,-27.79,1.85,-27.57,1.37,btk,miscellaneous_set
1218,7,2,1.3966712951660156,0.6134480560866785,0.4038970527999809,-52.11,0.47,-51.68,0.53,-52.29,0.4,-52.82,1.14,-47.4,0.95,-48.16,2.31,btk,miscellaneous_set
1219,2,8,-1.9184503555297847,-2.212396430847674,0.37074635686674595,18.03,0.59,16.88,0.71,18.09,0.55,6.8,2.01,11.06,1.37,7.37,1.62,btk,miscellaneous_set
1220,7,8,-0.5217790603637696,-1.5399936265137018,0.46986676464575,-30.97,0.47,-31.44,0.61,-35.67,0.63,-41.7,0.91,-35.83,0.93,-39.88,0.89,btk,miscellaneous_set
1221,7,9-flip,0.7537002563476562,-1.159974506054812,0.44502048192844224,0.01,0.54,1.58,0.46,1.14,0.52,-1.91,0.93,-7.65,2.3,-2.27,1.54,btk,miscellaneous_set
1222,9-flip,8,-1.2754793167114258,0.7329509241555155,0.2783324507067871,-37.91,0.35,-37.12,0.36,-37.43,0.35,-33.11,1.78,-33.77,0.78,-36.38,1.29,btk,miscellaneous_set
1223,12,19,-0.39186859130859364,0.07966857871255634,0.16882564476581652,-19.76,0.12,-19.47,0.13,-19.53,0.16,-19.46,0.33,-17.72,0.22,-20.58,0.21,cdk8,miscellaneous_set
1224,12,20,-0.45019245147705084,-0.39276609305289933,0.13777356585079972,25.17,0.17,25.32,0.17,25.09,0.13,24.03,0.19,24.39,0.21,22.23,0.38,cdk8,miscellaneous_set
1225,13,14,0.1656503677368164,0.6612492033142092,0.6658957965946064,143.04,0.21,143.06,0.2,141.42,0.2,149.49,0.76,138.67,0.49,147.66,0.48,cdk8,miscellaneous_set
1226,13,15,1.4770288467407229,1.0818992989165015,0.7668791438076797,239.69,0.36,239.4,0.37,239.34,0.32,243.63,0.84,250.86,1.3,237.52,0.77,cdk8,miscellaneous_set
1227,19,13,-0.9723787307739258,-0.7727852135117877,0.3008029274057603,-175.38,0.15,-175.18,0.15,-175.31,0.15,-181.07,0.34,-175.82,0.35,-178.68,0.33,cdk8,miscellaneous_set
1228,15,14,-1.3113784790039062,-0.12667304015296055,0.09366078545574906,-95.93,0.25,-96.11,0.24,-95.71,0.26,-96.74,0.42,-96.55,0.5,-96.05,0.65,cdk8,miscellaneous_set
1229,16,14,-0.3960494995117187,-1.3129381771829185,0.2854440172878587,10.8,0.19,11.0,0.16,10.53,0.15,2.89,0.49,5.17,0.47,7.79,0.41,cdk8,miscellaneous_set
1230,17,14,-0.6362810134887695,-1.3376354365838112,0.4056402454995536,6.65,0.24,6.5,0.25,6.3,0.23,3.4,0.46,2.36,0.89,-3.1,0.68,cdk8,miscellaneous_set
1231,20,14,-0.7484045028686523,-0.5983110261312965,0.05799286408863387,-75.26,0.15,-75.64,0.13,-75.49,0.14,-78.12,0.24,-78.19,0.26,-77.59,0.23,cdk8,miscellaneous_set
1232,22,14,0.2585763931274414,1.0173677501593374,0.1050142075233293,2.54,0.15,2.56,0.17,2.22,0.16,7.57,0.29,6.12,0.51,6.4,0.3,cdk8,miscellaneous_set
1233,16,15,0.9153289794921876,-1.4435946462715086,0.5263895530894223,106.32,0.25,106.62,0.2,104.96,0.28,104.54,0.65,99.61,0.79,95.63,0.86,cdk8,miscellaneous_set
1234,22,16,0.6546258926391602,2.284098151688974,0.2869371381824624,-8.36,0.18,-8.49,0.2,-7.93,0.18,-1.51,0.45,3.03,0.56,2.37,0.55,cdk8,miscellaneous_set
1235,17,21,0.5329303741455078,-0.1282664117272204,0.31844524177477157,140.28,0.21,140.48,0.24,140.28,0.19,136.89,0.74,140.27,0.58,142.27,0.57,cdk8,miscellaneous_set
1236,21,19,-0.3624830245971679,0.01912045889100956,0.3631135620417953,-102.04,0.18,-102.48,0.19,-102.05,0.21,-105.42,0.44,-99.12,0.37,-101.79,0.46,cdk8,miscellaneous_set
1237,21,20,-0.420806884765625,-0.4493307839388135,0.07203249198994308,-49.88,0.13,-49.83,0.16,-49.93,0.14,-51.34,0.28,-51.66,0.32,-52.28,0.34,cdk8,miscellaneous_set
1238,22,20,1.0069808959960938,1.472275334608033,0.1121877838898096,78.11,0.16,78.67,0.14,78.35,0.15,85.29,0.5,84.52,0.33,83.8,0.48,cdk8,miscellaneous_set
1239,17b,17a,-0.026336669921875,0.355321861057999,0.3702358990188266,24.71,0.61,25.1,0.72,24.54,0.96,24.53,0.75,24.68,0.86,29.6,1.1,galectin,miscellaneous_set
1240,17g,17a,1.6759490966796875,1.514499681325685,0.22466498944236232,9.12,0.98,9.99,0.61,7.8,0.72,14.65,1.01,15.86,0.84,15.41,1.22,galectin,miscellaneous_set
1241,17i,17a,0.4106793403625488,0.7616316124920333,0.23882755978666972,18.2,0.71,17.77,0.83,17.3,0.78,20.31,1.12,22.54,0.99,19.98,0.83,galectin,miscellaneous_set
1242,17k,17a,1.0891528129577637,2.1136073932441044,0.24046095656497934,20.93,0.76,20.04,0.92,19.93,0.74,29.64,1.5,28.06,1.26,29.73,1.12,galectin,miscellaneous_set
1243,17p,17a,-0.48641824722290034,0.33460803059273386,0.21205866714374633,39.6,0.69,39.81,0.69,37.49,0.8,40.22,0.73,40.41,0.92,40.47,0.99,galectin,miscellaneous_set
1244,17e,17b,1.3905839920043943,2.4020076481835564,0.26841932478260266,-22.67,0.77,-21.37,0.77,-23.65,0.97,-13.46,0.64,-10.86,1.06,-13.22,1.14,galectin,miscellaneous_set
1245,17f,17b,1.0746126174926758,1.374282982791587,0.3261794656442431,33.43,0.66,34.09,0.72,33.23,0.86,36.63,1.13,40.01,0.93,41.36,0.79,galectin,miscellaneous_set
1246,17n,17b,-0.5922908782958985,0.7496813256851472,0.373457499845683,47.28,0.78,46.77,0.78,46.84,0.66,52.58,1.04,49.93,2.36,47.79,1.29,galectin,miscellaneous_set
1247,17k,17c,0.267794132232666,1.2595602294455068,0.2984556354116231,-1.36,0.9,-3.86,0.8,-3.01,0.88,1.37,0.72,1.8,1.32,4.41,0.83,galectin,miscellaneous_set
1248,18d,17c,0.4106793403625488,-0.7584448693435315,0.4020724141704724,29.71,0.92,31.39,0.87,30.74,0.61,29.06,1.17,29.2,1.49,24.06,1.2,galectin,miscellaneous_set
1249,17i,17d,-0.2074899673461914,-0.588750796685787,0.23177518095748,-9.73,0.72,-10.67,0.83,-11.97,0.48,-12.73,0.94,-13.79,1.3,-13.24,1.19,galectin,miscellaneous_set
1250,17j,17d,0.2900495529174804,-0.0948056086679409,0.21332067906033866,-17.7,0.88,-16.6,0.77,-17.93,0.64,-18.34,1.02,-18.4,0.65,-16.68,1.13,galectin,miscellaneous_set
1251,17e,17h flip,0.5692257881164551,2.07138304652645,0.2637439060884047,-19.14,0.7,-19.75,0.62,-19.77,0.86,-12.7,1.41,-9.61,1.06,-10.35,1.0,galectin,miscellaneous_set
1252,17f,17g,-0.6276731491088867,-0.9066284257488818,0.1665624788381684,51.66,0.78,52.07,0.76,51.05,0.62,48.04,0.82,47.88,0.92,47.48,0.78,galectin,miscellaneous_set
1253,17g,18b,-0.251737117767334,-0.5568833652007649,0.21668088910396094,6.66,0.78,6.73,0.65,6.92,0.82,5.55,0.92,3.12,1.1,4.65,0.75,galectin,miscellaneous_set
1254,17h flip,17i,0.3843421936035157,-0.3624920331421288,0.2342259666480589,4.37,0.57,2.9,0.89,2.8,0.7,1.22,0.88,1.54,1.7,2.76,0.76,galectin,miscellaneous_set
1255,17h flip,17j,-0.11319732666015618,-0.34576163161249235,0.23876662583353733,4.78,0.64,6.88,0.9,6.15,0.73,3.97,1.59,4.28,0.7,5.22,1.08,galectin,miscellaneous_set
1256,17k,17j,0.1809339523315429,0.8014659018483116,0.3287413353391199,8.16,0.7,8.16,0.65,8.37,0.86,9.79,1.58,13.99,1.47,10.97,1.16,galectin,miscellaneous_set
1257,17l,17k,-0.6784734725952148,-0.5744104525175271,0.31332366760933034,0.21,0.78,-0.25,1.05,0.5,0.98,-2.45,1.86,-3.98,1.23,-0.32,0.99,galectin,miscellaneous_set
1258,17k,18b,-0.8385334014892578,0.6795729764181012,0.3159143531243532,15.63,0.59,13.25,1.14,13.2,0.73,15.14,1.18,17.06,1.08,18.41,1.26,galectin,miscellaneous_set
1259,18a,17l,0.3843421936035157,-0.6636392606755898,0.5794470076779549,34.31,0.8,34.66,1.06,33.84,1.01,33.1,1.16,35.11,1.59,26.27,1.39,galectin,miscellaneous_set
1260,17o,17m,1.0040221214294434,1.277087316762268,0.18599777939454898,-33.1,0.94,-33.25,0.81,-32.66,0.65,-27.24,0.95,-27.65,0.89,-28.09,1.07,galectin,miscellaneous_set
1261,17m,17q,-0.8851280212402344,0.7289674952198846,0.26492375836542015,59.98,1.54,60.55,1.16,58.65,0.81,62.52,1.03,64.02,0.67,61.79,0.92,galectin,miscellaneous_set
1262,17m,18d,-2.6600542068481445,-2.5342574888463987,0.29304525109865714,-32.63,1.09,-33.11,0.73,-31.72,1.07,-43.62,1.22,-43.78,1.74,-41.87,1.65,galectin,miscellaneous_set
1263,17n,17p,-0.132209300994873,-0.1306564690885898,0.2272348777763701,44.96,0.81,42.89,0.8,44.1,0.79,43.84,0.91,43.99,0.88,42.48,1.05,galectin,miscellaneous_set
1264,17n,17r,0.1644926071166992,3.626513702995538,0.24117614918537383,62.35,0.75,64.37,0.77,64.15,0.83,78.36,1.11,79.25,1.05,78.78,1.39,galectin,miscellaneous_set
1265,17p,17o,-0.062424182891845696,0.6301784576163159,0.20035016865792418,-5.13,0.61,-4.34,0.56,-3.9,0.88,-2.9,0.91,-1.59,0.76,-0.97,0.94,galectin,miscellaneous_set
1266,17o,17r,0.3591260910034179,2.822657743785851,0.3946723636599422,16.2,0.84,17.46,0.77,18.08,1.14,25.82,1.31,30.44,1.26,30.91,1.3,galectin,miscellaneous_set
1267,17p,17q,0.05646991729736319,3.5731357552581255,0.21538899374311213,11.31,0.73,11.51,0.84,10.66,0.92,26.77,1.13,25.54,1.24,26.02,1.1,galectin,miscellaneous_set
1268,17p,18b,-2.414104461669922,-0.4732313575525805,0.37040942532458326,35.79,0.69,35.25,0.95,36.02,0.68,32.54,1.14,36.87,1.11,31.71,1.16,galectin,miscellaneous_set
1269,17r,18g,-1.7233734130859375,-3.555608667941363,0.418401635179434,32.25,1.09,33.06,0.76,32.83,1.16,19.28,3.56,15.8,1.43,18.43,1.83,galectin,miscellaneous_set
1270,18a,18f,0.7950215339660645,1.4443913320586401,0.37102789465782127,87.19,1.03,88.99,0.98,85.51,0.94,93.18,2.13,91.79,1.04,94.85,1.41,galectin,miscellaneous_set
1271,18a,18g,-0.1452317237854004,1.158381134480562,0.33706928393623964,56.25,0.99,55.85,0.94,55.6,0.85,61.08,1.83,62.85,0.83,58.31,0.95,galectin,miscellaneous_set
1272,18a,18i,1.5216717720031738,1.0731357552581249,0.2500098828496892,46.46,1.25,47.29,0.74,46.18,0.81,50.91,1.67,50.89,1.67,51.6,1.04,galectin,miscellaneous_set
1273,18e,18b,-0.9874329566955566,-0.5600701083492705,0.27242611890755924,-52.55,1.09,-52.96,0.67,-51.76,0.76,-55.87,1.35,-55.53,0.82,-52.9,1.04,galectin,miscellaneous_set
1274,18b,18i,2.654336452484131,1.7861695347355,0.3374672034009234,9.29,0.96,6.57,0.89,8.48,1.21,16.58,2.01,15.47,1.89,14.71,1.22,galectin,miscellaneous_set
1275,18d,18f,1.2320380210876465,-0.18323773103887464,0.48438449266973505,98.11,0.97,95.6,1.1,100.22,1.04,94.2,2.19,99.06,1.13,98.37,1.41,galectin,miscellaneous_set
1276,18h,18d,-0.7648887634277344,-0.04302103250477495,0.33432544183848134,-156.48,1.16,-156.87,1.47,-157.18,1.12,-155.21,1.31,-157.07,1.15,-158.79,1.82,galectin,miscellaneous_set
1277,18e,18g,0.0,0.8771510516252377,0.3542455686869646,-40.72,0.85,-40.44,0.73,-39.51,0.81,-34.36,0.87,-35.8,1.16,-39.5,0.99,galectin,miscellaneous_set
1278,18g,18h,0.4731040000915527,0.49713193116635096,0.28745588780694675,87.82,0.94,87.89,0.77,89.48,0.94,90.04,1.15,89.27,1.31,92.12,1.13,galectin,miscellaneous_set
1279,18h,18i,1.1937994956970217,-0.1330465264499694,0.4805827424900823,-95.12,0.79,-97.84,1.13,-101.47,0.83,-101.11,1.02,-97.61,1.14,-97.38,1.65,galectin,miscellaneous_set
1280,1,12,0.49133586883544916,-1.5407903123008333,0.3828268112192576,-115.71,0.92,-115.82,0.72,-114.52,0.74,-124.35,1.35,-118.76,1.12,-122.28,1.21,hiv1_protease,miscellaneous_set
1281,1,13,0.9020147323608398,-1.0699490121096238,0.4796406107186262,-6.44,1.06,-7.6,1.18,-5.44,0.91,-13.26,1.77,-12.08,2.73,-7.57,1.52,hiv1_protease,miscellaneous_set
1282,1,15,0.7831211090087891,-1.7367750159337187,0.4606576415771847,-96.49,1.25,-96.43,0.8,-98.72,0.67,-107.55,1.5,-102.06,2.53,-103.83,1.37,hiv1_protease,miscellaneous_set
1283,11 (2cen),10,0.518702507019043,0.46367112810707467,0.297654987747617,-8.64,0.78,-11.34,1.09,-7.82,0.91,-6.58,0.96,-8.71,0.77,-6.69,0.68,hiv1_protease,miscellaneous_set
1284,10,19,-0.05155372619628898,-1.2021988527724663,0.25239796349488286,-2.9,0.69,-1.54,0.77,-1.67,0.95,-7.89,1.12,-5.47,0.79,-7.84,1.26,hiv1_protease,miscellaneous_set
1285,11 (2cen),12,0.05646991729736319,0.8373167622689603,0.27846298743975206,-107.05,0.73,-106.49,1.01,-106.66,0.68,-104.36,0.77,-101.04,0.98,-104.29,1.18,hiv1_protease,miscellaneous_set
1286,11 (2cen),18,-0.5139808654785156,0.8070427023581895,0.4258403258845555,288.1,0.59,287.0,0.89,289.27,0.81,294.49,1.14,292.02,0.86,287.99,0.77,hiv1_protease,miscellaneous_set
1287,9,11 (2cen),-0.8213586807250977,-0.7114404079031229,0.34885363217368476,-56.54,1.2,-58.92,0.72,-58.07,1.0,-62.15,1.11,-58.19,0.99,-62.12,0.75,hiv1_protease,miscellaneous_set
1288,12,19,0.4106788635253906,-2.2848948374761,0.5367375860970807,94.26,0.95,94.71,0.83,96.2,0.99,88.87,0.85,80.71,1.36,86.91,1.35,hiv1_protease,miscellaneous_set
1289,9,12,-0.7648887634277344,-0.442957297641808,0.3863674760038767,-165.56,1.01,-164.04,0.93,-163.86,0.86,-164.55,0.94,-164.82,0.75,-169.65,1.09,hiv1_protease,miscellaneous_set
1290,20,13,0.6784734725952148,-0.8357233906947107,0.24946006567554704,-50.68,0.85,-49.81,0.94,-52.04,0.69,-54.9,1.3,-54.81,1.22,-53.31,0.64,hiv1_protease,miscellaneous_set
1291,15,14,0.3026561737060547,0.23263224984066525,0.306957736049397,67.91,0.8,68.68,0.83,69.53,1.05,70.97,1.23,70.65,1.0,67.42,0.95,hiv1_protease,miscellaneous_set
1292,16,14,0.3874416351318359,0.5003186743148486,0.2783876754913324,-23.82,1.07,-20.9,0.75,-22.24,1.13,-21.34,0.93,-19.97,1.04,-19.37,0.85,hiv1_protease,miscellaneous_set
1293,17,14,0.8135108947753906,-0.7934990439770555,0.5828382655433372,47.14,1.23,43.92,1.44,41.3,1.3,41.06,1.41,37.67,2.49,43.67,2.55,hiv1_protease,miscellaneous_set
1294,9,14,-0.1704473495483398,-2.7724665391969427,0.35894708264307273,-74.77,1.37,-76.48,0.75,-78.1,0.63,-88.68,2.55,-88.23,1.11,-87.24,1.7,hiv1_protease,miscellaneous_set
1295,16,15,0.08478546142578118,1.3304652644996804,0.38993676770242114,-92.78,0.7,-92.06,0.81,-92.68,0.77,-84.96,1.04,-90.48,0.78,-85.38,1.04,hiv1_protease,miscellaneous_set
1296,17,20,-0.04872512817382808,0.5895474824729063,1.4445571927969896,298.41,1.24,298.92,0.87,295.8,0.85,314.2,2.91,293.83,1.94,292.5,3.73,hiv1_protease,miscellaneous_set
1297,18,19,0.9811296463012698,-1.9056724028043261,0.3565593156263592,-298.08,0.88,-299.88,0.94,-297.45,0.74,-304.02,1.04,-307.7,1.87,-307.61,1.13,hiv1_protease,miscellaneous_set
1298,20,19,0.6784734725952148,-2.3932441045251758,0.4162401485950229,-70.57,0.7,-70.34,1.22,-71.36,0.9,-81.85,0.88,-77.13,1.17,-83.33,0.82,hiv1_protease,miscellaneous_set
1299,15,14,1.1599998474121094,0.23024219247928393,0.30391376007747856,49.99,0.4,50.16,0.41,49.71,0.31,53.15,0.52,51.41,0.77,48.19,0.57,hsp90_2rings,fragments
1300,18,14,0.23999977111816392,2.0060548119821537,0.25022487917908615,65.68,0.37,65.88,0.28,66.18,0.39,75.27,0.67,72.01,0.77,75.64,0.6,hsp90_2rings,fragments
1301,16,15,-1.760000228881836,-1.9590503505417443,0.21802021418737008,101.41,0.39,100.69,0.38,101.28,0.36,92.7,0.84,94.64,0.64,91.45,0.7,hsp90_2rings,fragments
1302,17,15,0.039999961853027295,0.7305608667941359,0.19506514053675175,42.56,0.4,42.7,0.35,42.83,0.39,44.64,0.62,45.34,0.97,47.28,0.65,hsp90_2rings,fragments
1303,18,15,-0.9200000762939451,2.0219885277246656,0.12881218315958118,15.98,0.36,17.02,0.37,15.67,0.38,24.67,0.58,25.0,0.58,24.38,0.55,hsp90_2rings,fragments
1304,17,16,1.8000001907348633,2.163798597833013,0.13954197048755682,-58.99,0.33,-59.05,0.36,-58.73,0.42,-49.33,0.49,-49.46,0.66,-50.82,0.82,hsp90_2rings,fragments
1305,17,19,-0.3400001525878906,-1.1105799872530269,0.4760746861515908,-31.18,0.33,-31.46,0.36,-32.17,0.42,-35.33,0.81,-40.73,0.48,-32.69,0.88,hsp90_2rings,fragments
1306,18,19,-1.3000001907348633,-0.3130975143403448,0.15187873073568436,-57.84,0.4,-57.54,0.38,-57.68,0.32,-57.89,0.54,-59.29,0.69,-59.81,0.66,hsp90_2rings,fragments
1307,3,10,0.0,-1.1018164435946451,0.15935769278089976,-11.07,0.29,-11.49,0.29,-11.63,0.29,-14.63,0.51,-16.83,0.41,-16.56,0.45,hsp90_single_ring,fragments
1308,9,10,-0.9500002861022948,-1.3193116634799225,0.5541415929831166,-78.24,0.32,-78.24,0.3,-78.47,0.28,-88.66,0.55,-78.96,0.36,-83.89,0.56,hsp90_single_ring,fragments
1309,11,12,-0.4700002670288086,-0.6110579987253023,0.5038544986251845,-47.63,0.38,-47.46,0.33,-47.12,0.39,-48.64,0.44,-46.37,0.49,-54.87,0.53,hsp90_single_ring,fragments
1310,11,3,-0.1900005340576172,1.6188655194391348,0.27870321618603877,-255.28,0.34,-255.9,0.36,-255.4,0.35,-250.93,0.59,-248.96,0.8,-246.37,0.54,hsp90_single_ring,fragments
1311,12,8,0.5600004196166991,1.2571701720841277,0.5152125733436763,60.77,0.43,62.07,0.37,61.83,0.28,67.89,0.55,62.0,1.17,70.56,0.52,hsp90_single_ring,fragments
1312,9,12,-1.2300000190734863,-0.9233588272785238,0.21248337652263713,141.33,0.39,141.34,0.34,140.36,0.38,138.08,0.49,135.33,0.86,138.03,0.53,hsp90_single_ring,fragments
1313,2,8,-1.0999999046325684,-0.4979286169534622,0.1259694130073822,189.48,0.38,189.83,0.35,190.08,0.34,188.46,0.44,186.87,0.56,187.81,0.43,hsp90_single_ring,fragments
1314,9,2,0.43000030517578114,1.4141172721478648,0.2025732681777878,13.03,0.3,13.22,0.31,13.21,0.27,20.4,0.32,17.17,0.41,19.64,0.43,hsp90_single_ring,fragments
1315,2_3E63,10,0.7630343437194823,-0.11631612492033432,0.25315954632349674,-127.07,0.25,-128.37,0.23,-127.07,0.24,-126.09,0.64,-129.47,1.08,-128.41,1.04,jak2_set1,fragments
1316,3,10,-1.9083600044250486,-2.7676864244741837,0.44985371834969684,-130.9,0.29,-130.96,0.27,-130.62,0.3,-138.92,1.69,-145.37,2.4,-142.93,0.97,jak2_set1,fragments
1317,7,10,1.7166023254394531,2.5796685787125564,0.3367040288709856,-15.15,0.39,-14.81,0.37,-14.3,0.4,-6.77,1.59,-2.24,1.07,-2.87,1.04,jak2_set1,fragments
1318,10,8,-1.6305837631225586,-0.7002868068833668,0.21953545862256443,160.0,0.32,159.77,0.29,160.16,0.3,158.22,1.62,156.19,0.9,156.73,1.17,jak2_set1,fragments
1319,1_3E62,3,0.7510757446289062,2.6545570427023586,0.8780884728779103,52.6,0.51,53.6,0.48,52.99,0.47,68.04,2.48,68.88,1.19,55.59,1.22,jak2_set1,fragments
1320,4a,3,0.8775386810302733,0.4118865519439134,0.2634332112931242,5.02,0.27,5.52,0.31,5.43,0.25,5.67,0.58,9.56,0.57,5.91,0.58,jak2_set1,fragments
1321,6,1_3E62,0.2119455337524414,-0.7082536647546203,0.2160680970642891,37.17,0.4,37.79,0.39,37.95,0.33,35.2,1.39,33.5,1.1,35.32,1.13,jak2_set1,fragments
1322,2_3E63,4a,1.0427799224853518,-0.6947100063734896,0.21867027807320286,-64.63,0.24,-64.57,0.27,-64.96,0.28,-67.98,0.58,-69.13,0.63,-65.77,0.67,jak2_set1,fragments
1323,2_3E63,5,0.1172089576721191,-0.5178457616316102,0.1705517818070365,-133.85,0.23,-133.98,0.21,-134.05,0.23,-136.44,0.45,-134.6,0.36,-137.34,0.36,jak2_set1,fragments
1324,2_3E63,8,-0.8675494194030763,-0.8134161886551942,0.08693565900102151,25.38,0.23,24.75,0.24,25.06,0.23,22.05,0.35,21.07,0.33,21.86,0.23,jak2_set1,fragments
1325,9,3,3.1282649040222172,2.47131931166348,0.5492268478218807,15.18,0.28,14.97,0.27,14.72,0.22,29.03,1.51,23.47,2.11,23.39,4.25,jak2_set1,fragments
1326,4a,3,0.0,-1.7144678138942002,0.3394430511337878,-10.43,0.31,-10.29,0.25,-10.27,0.24,-15.66,0.59,-16.02,0.65,-20.83,0.67,jak2_set1,fragments
1327,4a,7,-1.9963479042053225,-0.9743467176545569,0.2775645313230286,-8.73,0.31,-8.83,0.3,-8.29,0.39,-12.25,1.48,-11.26,1.46,-14.57,1.1,jak2_set1,fragments
1328,9,5,0.5740795135498047,-0.6548757170172106,0.18030451563674577,-121.21,0.23,-121.57,0.2,-121.45,0.24,-122.54,0.56,-124.97,0.7,-124.94,0.45,jak2_set1,fragments
1329,7,6,2.6619410514831547,3.8918100701083485,0.11643754513663641,-164.99,0.29,-165.37,0.26,-165.49,0.27,-148.93,0.49,-149.4,0.74,-148.67,0.87,jak2_set1,fragments
1330,12,13_3E64,-2.26210355758667,-3.572339069471,0.9688852063939962,-15.18,1.24,-13.65,1.44,-15.03,1.01,-32.65,3.16,-21.11,3.73,-34.94,3.21,jak2_set2,fragments
1331,12,14,-0.3549685478210449,-4.7028362014021825,0.5166975246492073,399.1,1.36,394.29,1.42,396.12,1.63,377.05,1.76,377.45,3.0,375.98,3.03,jak2_set2,fragments
1332,12,15,0.05571079254150389,-1.908859145952839,0.6719539521272557,162.75,1.28,164.8,1.18,160.74,1.17,155.42,1.07,149.41,1.31,159.5,2.11,jak2_set2,fragments
1333,13_3E64,15,2.317814350128174,0.5043021032504813,0.5597245850441243,155.58,1.63,156.13,1.26,156.56,0.66,160.61,3.45,154.93,2.81,159.06,2.61,jak2_set2,fragments
1334,21,13_3E64,-1.3566017150878906,-0.15933715742511148,0.18873093437096494,-1.61,0.47,-0.71,0.38,-1.22,0.49,-2.82,0.8,-0.59,0.75,-2.13,0.83,jak2_set2,fragments
1335,22-flip,13_3E64,0.410679817199707,-0.6485022307202034,0.17589099853894685,-34.33,0.56,-32.44,0.43,-32.75,0.45,-35.55,0.81,-35.7,0.6,-36.41,0.86,jak2_set2,fragments
1336,15,14,-0.4106793403625488,-1.9550669216061134,0.8187596288583165,236.72,0.42,238.48,0.34,236.27,0.58,221.25,1.54,231.99,2.65,233.69,1.02,jak2_set2,fragments
1337,20,14,0.277862548828125,2.684831102613133,1.1716643762056629,403.19,0.41,402.21,0.38,402.96,0.44,424.23,1.03,403.78,0.94,414.05,1.6,jak2_set2,fragments
1338,22-flip,14,2.317814826965332,0.9839069471000655,0.81426500690297,380.95,0.44,380.85,0.46,381.45,0.55,379.99,0.74,382.84,2.07,392.77,2.64,jak2_set2,fragments
1339,21,18,0.015192031860351481,0.5664435946462726,0.29273385856074907,364.13,0.47,364.98,0.45,364.7,0.39,364.65,0.95,367.96,1.15,368.31,1.59,jak2_set2,fragments
1340,22-flip,18,1.7824735641479492,0.4596876991714362,0.49922823024435486,332.35,0.46,331.3,0.44,332.37,0.53,334.87,1.79,337.11,2.5,329.81,0.97,jak2_set2,fragments
1341,21,20,0.2726707458496094,-1.4666985340981515,0.22427234507613697,16.57,0.46,16.14,0.39,16.24,0.39,9.66,0.73,12.05,0.6,8.83,0.8,jak2_set2,fragments
1342,22-flip,21,1.7672815322875977,-0.734544295729766,0.19424614494127518,-31.83,0.45,-32.29,0.53,-31.42,0.4,-34.85,1.14,-35.64,1.39,-34.27,0.88,jak2_set2,fragments
1343,5,10,-1.739999771118164,-2.238687061822812,0.4190038361849154,190.03,0.19,190.37,0.22,190.66,0.21,185.04,0.98,179.55,0.74,178.37,0.61,liga,fragments
1344,9,10,-0.1599998474121093,-0.16730401529636438,0.10928495057626963,86.32,0.15,86.41,0.2,85.94,0.16,86.22,0.35,84.67,0.39,85.68,0.38,liga,fragments
1345,11,13,-1.5900001525878906,-5.453314212874428,0.35986215726354626,-544.31,0.47,-544.01,0.4,-544.33,0.47,-564.57,1.89,-569.17,2.04,-567.36,1.28,liga,fragments
1346,9,11,-2.6999998092651367,-3.7762906309751423,0.45275649914171995,50.62,0.53,53.46,0.33,52.74,0.32,39.33,2.47,34.01,0.99,36.08,2.14,liga,fragments
1347,12,13,-1.619999885559082,-1.876991714467805,0.3211836792256201,-370.15,0.65,-372.81,0.49,-368.9,0.49,-376.67,0.54,-378.5,0.56,-380.25,0.5,liga,fragments
1348,3,12,-3.0199999809265137,-6.78537284894837,0.8216525593871365,-211.04,0.84,-214.7,0.64,-213.16,0.57,-234.35,1.24,-246.66,4.02,-243.06,0.94,liga,fragments
1349,3,5,1.2300000190734863,0.2884002549394613,0.20106689130717773,-190.4,0.18,-190.96,0.16,-190.83,0.19,-191.22,0.39,-187.92,0.48,-189.43,0.47,liga,fragments
1350,3,7,0.7800002098083496,-0.42304015296367353,0.09297878794702787,-255.68,0.2,-255.92,0.17,-255.94,0.19,-257.28,0.31,-257.18,0.36,-258.39,0.28,liga,fragments
1351,9,3,0.34999990463256836,2.0857233906947084,0.45947345821620267,87.79,0.2,87.45,0.2,87.38,0.19,96.1,0.73,100.18,0.44,92.52,1.7,liga,fragments
1352,4,6,1.1999998092651367,0.37444231994901117,0.3301152388121166,-74.0,0.24,-73.74,0.22,-73.77,0.21,-72.9,0.45,-74.77,0.3,-69.14,0.43,liga,fragments
1353,4,8,0.6700000762939454,-0.5106755895474833,0.4354448000646763,37.95,0.27,37.92,0.3,33.5,0.24,34.99,0.91,31.31,0.63,36.66,0.67,liga,fragments
1354,7,5,0.44999980926513666,0.16650732950924124,0.09350886428015812,59.58,0.18,59.93,0.18,60.17,0.16,60.22,0.61,61.09,0.43,60.46,0.4,liga,fragments
1355,5,8,-1.0299997329711914,-1.8483110261312938,0.43721131668454205,8.51,0.43,6.32,0.42,8.14,0.32,0.26,0.96,-3.74,0.47,3.25,1.0,liga,fragments
1356,7,6,-0.05000019073486319,-0.3648820905035047,0.28477629521612613,-41.24,0.19,-38.68,0.22,-41.69,0.17,-40.47,0.46,-41.61,0.38,-44.11,0.35,liga,fragments
1357,11,10,0.5100002288818359,1.4364244741873802,0.4240588503557927,7.5,0.29,7.71,0.29,8.3,0.3,10.66,0.64,17.83,0.53,13.05,0.59,mcl1,fragments
1358,5,10,1.0,-0.7552581261950279,0.09816500846015874,121.05,0.29,121.46,0.26,120.92,0.28,118.33,0.43,117.6,0.54,118.02,0.6,mcl1,fragments
1359,9,10,0.44000005722045893,0.7074569789674955,0.25607653655845675,2.47,0.36,2.07,0.27,2.57,0.29,5.57,0.63,7.21,0.81,3.21,0.75,mcl1,fragments
1360,11,8,-0.8199996948242188,1.0484384958572335,0.6139505440829883,-8.18,0.34,-7.97,0.34,-8.34,0.29,-5.43,0.59,-8.13,0.67,2.23,0.58,mcl1,fragments
1361,13 flipped,15,-0.0999999046325683,-1.447578075207136,0.4535835191893889,57.11,0.49,55.99,0.46,57.56,0.47,52.36,1.98,53.16,1.19,46.97,1.43,mcl1,fragments
1362,7,13 flipped,0.6700000762939454,1.3312619502868017,0.30538148470082405,-98.82,0.34,-97.77,0.32,-98.97,0.31,-94.09,0.62,-94.68,0.54,-90.08,0.59,mcl1,fragments
1363,13 flipped,8,-1.1599998474121094,-1.8092734225621399,0.21273565807843486,98.54,0.27,98.36,0.26,98.24,0.3,88.98,0.57,91.23,0.85,92.22,0.56,mcl1,fragments
1364,15,14,-0.3000001907348633,1.028521351179097,0.7192957240411778,-58.83,0.5,-57.56,0.47,-57.36,0.47,-58.87,1.81,-47.17,1.85,-54.8,1.35,mcl1,fragments
1365,4,14,0.1999998092651367,1.3774697259400892,0.1556196634143176,-0.37,0.24,-0.55,0.32,-0.79,0.25,3.89,0.66,5.95,0.35,5.74,0.65,mcl1,fragments
1366,5,14,0.42999982833862305,0.6492989165073294,0.14790626932557457,-3.55,0.35,-2.91,0.32,-2.06,0.26,0.77,0.54,-0.39,0.57,-0.75,0.45,mcl1,fragments
1367,9,15,0.1700000762939453,0.9353091140854048,0.715829432324414,-65.77,0.4,-64.8,0.44,-65.6,0.38,-67.99,2.15,-56.22,1.13,-60.22,1.09,mcl1,fragments
1368,5,2,0.7100000381469727,-1.0253346080305927,0.5465236061516457,7.39,0.31,6.47,0.33,7.16,0.28,-2.73,0.67,5.89,0.57,4.99,0.87,mcl1,fragments
1369,2,8,-1.0399999618530271,-0.699490121096242,0.3162325674994174,100.36,0.32,100.52,0.33,101.07,0.27,98.21,0.55,100.12,0.76,94.84,0.48,mcl1,fragments
1370,3,5,0.34999990463256836,2.169375398342894,0.14952134880104487,-15.46,0.32,-15.35,0.3,-15.43,0.33,-6.83,0.84,-5.52,0.83,-6.66,0.91,mcl1,fragments
1371,3,7,0.5099997520446778,3.3954748247291295,0.25364566162330043,98.82,0.28,98.57,0.28,99.09,0.33,111.38,0.9,112.59,1.11,115.13,0.69,mcl1,fragments
1372,4,5,-0.23000001907348633,1.554333970681963,0.1994282136337343,1.82,0.29,2.5,0.31,2.02,0.32,10.04,0.64,8.73,0.78,7.08,0.49,mcl1,fragments
1373,ET,IPT,-0.8899998664855957,-0.8070427023581895,0.09133270101384112,32.59,0.12,32.59,0.11,32.51,0.11,28.34,0.28,29.5,0.22,29.72,0.25,mup1,fragments
1374,ET,PT,-1.239999771118164,-1.2069789674952198,0.2015466720743921,6.37,0.15,6.24,0.14,6.36,0.14,-0.73,0.26,2.04,0.24,2.51,0.24,mup1,fragments
1375,IBT,PT,0.8900003433227537,0.7321542383683874,0.09411241379586378,-0.75,0.15,-1.35,0.16,-0.61,0.19,2.34,0.33,1.47,0.25,2.67,0.27,mup1,fragments
1376,IBT,SBT,0.6700000762939454,0.3871892925430204,0.2157865538434976,36.98,0.14,37.11,0.14,36.75,0.13,37.48,0.37,37.51,0.38,40.71,0.35,mup1,fragments
1377,MT,IPT,-2.210000038146972,-2.053059273422566,0.13327220766455491,71.66,0.15,71.77,0.13,71.73,0.15,62.76,0.58,62.33,0.35,64.3,0.37,mup1,fragments
1378,PT,IPT,0.34999990463256836,0.37842574888463953,0.18957114828457333,26.4,0.22,26.02,0.2,26.43,0.19,29.32,0.37,26.15,0.28,28.13,0.31,mup1,fragments
1379,PT,MT,2.559999942779541,3.1477055449330775,0.08921975380293552,-45.26,0.18,-45.51,0.19,-45.0,0.17,-32.0,0.37,-31.67,0.55,-32.59,0.39,mup1,fragments
1380,PT,SBT,-0.2200002670288086,0.2047482472912672,0.2613188502824695,37.18,0.13,38.43,0.16,37.8,0.12,40.14,0.27,39.71,0.37,36.13,0.14,mup1,fragments
1381,PT,SBT,-0.2200002670288086,-1.044455066921607,0.11835142332031759,37.77,0.11,38.09,0.13,37.8,0.14,33.57,0.28,34.48,0.2,32.5,0.13,mup1,fragments
1382,SBT,SBT,0.0,0.02390057361376673,0.02390057361376673,-0.0,0.0,-0.0,0.0,-0.0,0.0,0.0,0.0,0.0,0.0,0.0,0.0,mup1,fragments
1383,3,1_1W7H,0.1500000953674316,-0.7911089866156793,0.22145236061014867,-329.7,0.27,-329.33,0.33,-329.88,0.29,-331.06,0.47,-334.63,0.64,-333.15,0.47,p38,fragments
1384,4,1_1W7H,1.4600000381469729,2.7294455066921604,0.21091238890581865,-10.97,0.26,-10.7,0.24,-10.82,0.27,-0.23,0.51,2.58,0.5,-0.58,0.46,p38,fragments
1385,5_1WBW,1_1W7H,2.0,1.8865519439133198,0.13620004939352323,-28.38,0.3,-28.03,0.36,-28.31,0.31,-20.2,0.65,-21.23,0.59,-19.61,0.65,p38,fragments
1386,4,3,1.309999942779541,2.6569471000637366,0.36934671783971534,318.57,0.39,318.74,0.36,318.83,0.37,327.61,0.9,328.53,0.75,333.35,0.74,p38,fragments
1387,3,6,-0.9499998092651368,-3.902963671128103,0.2222401964755483,-221.39,0.39,-222.01,0.43,-221.33,0.37,-236.46,0.92,-237.92,1.08,-239.34,0.9,p38,fragments
1388,4,5_1WBW,-0.5399999618530273,0.07090503505417553,0.17787828438925077,17.31,0.29,17.9,0.29,17.6,0.28,19.51,0.54,17.19,0.46,17.0,0.44,p38,fragments
1389,4,6,0.3600001335144043,-0.913001912045891,0.29628251825935026,83.58,0.62,81.8,0.6,83.64,0.48,79.6,0.83,77.11,1.34,80.85,0.96,p38,fragments
1390,4,7,-0.9000000953674316,-2.190089228808157,0.9703026893741246,62.2,0.68,64.86,0.85,61.54,0.43,55.56,0.86,60.87,1.64,44.68,1.09,p38,fragments
1391,5_1WBW,7,-0.3600001335144043,-0.9042383683875074,0.8177716648182172,59.68,0.96,57.82,0.66,59.66,0.74,47.59,2.41,58.14,1.41,60.08,1.54,p38,fragments
1392,7,6,1.260000228881836,0.22705544933078373,0.24399302330018224,17.03,0.41,18.47,0.53,18.43,0.39,17.14,0.92,20.43,0.62,19.21,0.83,p38,fragments
1393,butyl benzene,benzene,1.5,1.3463989802421925,0.3296398898528338,-12.37,0.35,-12.84,0.42,-13.34,0.38,-8.68,1.09,-4.18,0.69,-8.79,0.87,t4_lysozyme,fragments
1394,benzene,m-xylene,0.44000005722045893,1.1583811344805601,0.589964010907661,-23.92,0.12,-23.97,0.11,-23.99,0.13,-16.41,0.37,-15.8,0.4,-25.13,0.36,t4_lysozyme,fragments
1395,methyl benzene,benzene,0.3200001716613769,0.3728489483747607,0.06666268550908465,11.73,0.07,11.55,0.08,11.87,0.07,13.65,0.17,12.7,0.23,13.48,0.19,t4_lysozyme,fragments
1396,benzene,o-xylene,0.5899996757507324,1.008604206500956,0.15570054051097432,-9.2,0.09,-9.26,0.1,-9.53,0.1,-4.69,0.38,-4.07,0.36,-6.57,0.34,t4_lysozyme,fragments
1397,benzene,p-xylene,0.5299997329711914,0.19200127469725883,0.24166298030162336,-22.32,0.12,-22.23,0.1,-22.2,0.13,-19.1,0.72,-22.38,0.49,-22.86,0.31,t4_lysozyme,fragments
1398,butyl benzene,ethyl benzene,0.9400000572204589,-0.02310388782664137,0.12220892039817009,-16.56,0.29,-17.06,0.32,-16.95,0.29,-17.19,0.49,-16.0,0.33,-17.67,0.38,t4_lysozyme,fragments
1399,butyl benzene,isobutyl benzene,0.2199997901916504,-0.25573613766730396,0.1640542896922628,-0.85,0.25,0.05,0.17,-1.54,0.2,-1.97,0.65,-0.78,0.37,-2.8,0.53,t4_lysozyme,fragments
1400,butyl benzene,meta methyl ethyl benzene,1.579999923706055,1.6268323773103899,0.2796369961512136,-28.47,0.28,-28.51,0.27,-28.62,0.3,-22.63,0.54,-19.03,0.54,-23.52,0.42,t4_lysozyme,fragments
1401,butyl benzene,methyl benzene,1.179999828338623,0.19040790312300832,0.4798241568981721,-25.04,0.36,-24.79,0.26,-24.5,0.36,-21.27,1.15,-28.56,0.74,-22.11,1.1,t4_lysozyme,fragments
1402,butyl benzene,ortho methyl ethyl benzene,2.12999963760376,0.9289356277884008,0.11739908930988116,-12.89,0.25,-12.27,0.26,-11.72,0.26,-8.13,0.46,-9.05,0.5,-8.04,0.46,t4_lysozyme,fragments
1403,butyl benzene,para methyl ethyl benzene,1.2799997329711914,-0.7233906947100066,0.2001815972928251,-28.29,0.31,-28.22,0.33,-27.68,0.26,-32.69,0.36,-31.09,0.43,-29.49,0.53,t4_lysozyme,fragments
1404,propyl benzene,butyl benzene,-0.1499996185302734,0.9209687699171452,0.10513074888321863,8.37,0.18,8.37,0.15,8.04,0.17,12.41,0.37,11.21,0.3,12.72,0.33,t4_lysozyme,fragments
1405,ethyl benzene,meta methyl ethyl benzene,0.6399998664855957,1.1042065009560231,0.06371773311580337,-11.98,0.07,-11.94,0.07,-11.89,0.08,-7.56,0.21,-7.64,0.19,-6.75,0.22,t4_lysozyme,fragments
1406,ortho methyl ethyl benzene,ethyl benzene,-1.1899995803833008,-0.8078393881453156,0.07561113230228715,-4.95,0.08,-5.11,0.08,-5.08,0.08,-9.06,0.22,-7.95,0.27,-8.27,0.27,t4_lysozyme,fragments
1407,para methyl ethyl benzene,ethyl benzene,-0.3399996757507324,0.6333652007648184,0.16765216226299479,11.14,0.09,11.1,0.07,11.15,0.09,13.17,0.15,15.46,0.15,12.71,0.18,t4_lysozyme,fragments
1408,propyl benzene,ethyl benzene,0.7900004386901855,0.5616634799235185,0.09600131963375212,-8.62,0.14,-8.7,0.16,-8.81,0.15,-5.45,0.16,-6.97,0.18,-6.66,0.16,t4_lysozyme,fragments
1409,propyl benzene,isobutyl benzene,0.07000017166137688,0.8755576800509878,0.09966705891840638,6.43,0.14,6.27,0.18,6.57,0.17,10.99,0.22,9.49,0.22,9.78,0.24,t4_lysozyme,fragments
1410,meta methyl ethyl benzene,m-xylene,0.3600001335144043,1.6403760356915231,0.06866034965933578,-7.86,0.08,-7.98,0.08,-8.02,0.08,-0.83,0.22,-0.76,0.19,-1.68,0.28,t4_lysozyme,fragments
1411,ortho methyl ethyl benzene,o-xylene,-0.039999961853027295,1.1265137029955385,0.07823100644860913,-10.25,0.1,-10.27,0.09,-10.37,0.09,-4.98,0.28,-5.67,0.32,-6.1,0.34,t4_lysozyme,fragments
1412,para methyl ethyl benzene,p-xylene,0.75,2.2028362014021674,0.06543708601967471,-7.22,0.08,-7.23,0.09,-7.12,0.09,2.35,0.15,1.41,0.18,2.32,0.14,t4_lysozyme,fragments
1413,34,25,0.05000019073486319,1.0006373486297004,0.2680171013279414,0,0,0,0,0,0,3.91,0.81,6.4,1.06,2.25,0.9,cdk2,charge_annihilation_set
1414,39charg,25,-1.4600000381469729,-2.1183875079668577,0.3219095206980784,0,0,0,0,0,0,-7.36,2.31,-10.55,2.13,-8.68,1.26,cdk2,charge_annihilation_set
1415,39charg,34,-1.510000228881836,-3.7101657106437216,0.6689994446872577,0,0,0,0,0,0,-10.98,1.38,-21.87,1.3,-13.72,1.56,cdk2,charge_annihilation_set
1416,17charg,18,0.46000003814697255,0.4469407265774379,0.17644141393571264,0,0,0,0,0,0,1.44,1.31,2.01,0.96,2.16,1.31,dlk,charge_annihilation_set
1417,17charg,8,-0.07000064849853509,0.1202995538559592,0.2736075382502308,0,0,0,0,0,0,0.63,1.21,-1.63,0.67,2.51,1.24,dlk,charge_annihilation_set
1418,4charg,8,-1.1800003051757812,-1.4786488209050352,0.11804283439390066,0,0,0,0,0,0,-6.21,0.85,-5.82,0.7,-6.53,0.84,dlk,charge_annihilation_set
1419,9,18,-1.25,-0.8333333333333334,0.2035256058801757,0,0,0,0,0,0,-3.07,1.12,-2.86,1.48,-4.53,1.2,dlk,charge_annihilation_set
1420,9,4charg,-0.6000003814697266,1.1480242192479286,0.2686364469727071,0,0,0,0,0,0,6.09,0.9,2.45,0.77,5.87,1.13,dlk,charge_annihilation_set
1421,21,27chargR,-0.05999999999999999,-0.5465264499681324,0.34001740895550514,0,0,0,0,0,0,-5.0,1.79,-0.02,1.27,-1.84,0.84,egfr,charge_annihilation_set
1422,21,28charg,-0.82,-1.3702995538559593,0.24065440183217063,0,0,0,0,0,0,-3.91,0.94,-5.82,0.91,-7.47,1.19,egfr,charge_annihilation_set
1423,21,29charg,-0.58,4.882090503505416,0.47058458876117837,0,0,0,0,0,0,21.89,3.04,19.8,3.3,19.59,3.21,egfr,charge_annihilation_set
1424,21,30charg,-1.37,0.48518164435946454,0.253246412010372,0,0,0,0,0,0,3.13,1.2,1.83,1.81,1.13,1.74,egfr,charge_annihilation_set
1425,27chargR,28charg,-0.76,-1.2141491395793498,0.38067639167119266,0,0,0,0,0,0,-3.01,1.65,-4.58,1.32,-7.65,2.55,egfr,charge_annihilation_set
1426,29charg,28charg,-0.23999999999999996,-5.834130019120459,0.45969224822586413,0,0,0,0,0,0,-25.95,1.97,-24.49,2.56,-22.79,4.34,egfr,charge_annihilation_set
1427,29charg,30charg,-0.79,-4.425589547482473,0.7118629805557196,0,0,0,0,0,0,-24.35,2.19,-17.88,3.37,-13.32,1.33,egfr,charge_annihilation_set
1428,19charg,20,-0.9000005722045898,-2.637826641172722,0.6816549735886885,0,0,0,0,0,0,-16.23,1.76,-11.87,1.74,-5.01,1.58,ephx2,charge_annihilation_set
1429,20,33,-1.5999994277954102,-2.231516889738687,0.46822464085574855,0,0,0,0,0,0,-12.91,2.59,-8.2,2.12,-6.9,1.77,ephx2,charge_annihilation_set
1430,47charg,19charg,3.010000228881836,6.005417463352453,1.5505771385143023,0,0,0,0,0,0,21.18,4.42,14.93,4.01,39.27,5.4,ephx2,charge_annihilation_set
1431,47charg,33,0.5100002288818359,-0.029477374123645622,0.42927075334812553,0,0,0,0,0,0,1.08,1.48,2.42,2.12,-3.87,0.97,ephx2,charge_annihilation_set
1432,17charg,14,0.0,-0.7648183556405355,0.7829742414832361,0,0,0,0,0,0,-1.82,3.21,2.02,1.88,-9.8,2.93,irak4_s2,charge_annihilation_set
1433,17charg,18,-0.8100004196166992,-2.1829190567240278,0.46109964631338507,0,0,0,0,0,0,-7.01,2.74,-10.24,2.54,-10.15,3.61,irak4_s2,charge_annihilation_set
1434,17charg,5charg,0.5,0.1752708731676227,0.754224512362679,0,0,0,0,0,0,-0.03,2.65,-4.56,3.05,6.79,3.34,irak4_s2,charge_annihilation_set
1435,18,14,0.8100004196166992,0.6724028043339708,0.38629365089641027,0,0,0,0,0,0,-0.37,2.12,4.57,1.76,4.24,1.01,irak4_s2,charge_annihilation_set
1436,18,6,2.40999984741211,3.276768642447419,0.6168112694769885,0,0,0,0,0,0,19.05,1.62,9.44,2.66,12.64,1.71,irak4_s2,charge_annihilation_set
1437,5charg,14,-0.5,-0.9273422562141491,0.537158620590208,0,0,0,0,0,0,-4.94,5.53,-2.6,2.95,-4.1,1.38,irak4_s2,charge_annihilation_set
1438,6,14,-1.5999994277954102,-1.798916507329509,0.8057188812510416,0,0,0,0,0,0,-13.93,2.08,-8.01,2.48,-0.64,2.27,irak4_s2,charge_annihilation_set
1439,6,5charg,-1.0999994277954102,-0.7950924155513065,0.9922417916538306,0,0,0,0,0,0,-10.21,6.08,3.18,4.49,-2.95,3.01,irak4_s2,charge_annihilation_set
1440,19charg,27,1.890000343322754,1.1376673040152963,0.5556191929030185,0,0,0,0,0,0,5.05,0.78,9.29,1.19,-0.06,1.6,irak4_s3,charge_annihilation_set
1441,19charg,28charg,1.1000003814697266,1.093052899936265,0.48917889381024043,0,0,0,0,0,0,3.94,0.91,1.14,1.02,8.64,2.57,irak4_s3,charge_annihilation_set
1442,19charg,29,1.890000343322754,0.021510516252390033,0.3460869395367633,0,0,0,0,0,0,2.78,0.92,-2.61,1.15,0.1,1.49,irak4_s3,charge_annihilation_set
1443,28charg,27,0.7899999618530273,0.8309432759719567,0.5551632720798358,0,0,0,0,0,0,-0.2,0.89,8.48,2.13,2.15,1.21,irak4_s3,charge_annihilation_set
1444,29,27,0.0,-0.20873167622689612,0.1383938537185631,0,0,0,0,0,0,-0.15,0.77,-1.25,0.79,-1.22,1.03,irak4_s3,charge_annihilation_set
1445,29,28charg,-0.7899999618530273,-0.104365838113448,0.5536787968764302,0,0,0,0,0,0,-4.93,1.46,-0.54,1.3,4.16,1.55,irak4_s3,charge_annihilation_set
1446,17,18,-1.5,-0.05417463352453788,1.0712935634783043,0,0,0,0,0,0,-7.88,1.6,-2.86,1.2,10.06,2.3,itk,charge_annihilation_set
1447,17,19,-1.7999992370605467,-0.82138304652645,0.8011934124739408,0,0,0,0,0,0,-1.86,1.93,2.03,3.07,-10.48,2.39,itk,charge_annihilation_set
1448,17,1charg,-1.2999992370605469,1.2834608030592733,0.25736945258827143,0,0,0,0,0,0,4.73,0.76,6.42,1.85,4.96,2.08,itk,charge_annihilation_set
1449,18,19,-0.29999923706054693,-0.7616316124920331,0.6133554628929666,0,0,0,0,0,0,-8.65,1.77,1.07,2.13,-1.98,1.83,itk,charge_annihilation_set
1450,1charg,18,-0.2000007629394531,-1.1281070745697896,0.20788268687193975,0,0,0,0,0,0,-5.67,0.94,-4.98,1.0,-3.51,1.46,itk,charge_annihilation_set
1451,17,16charg,0.3299999237060547,1.6371892925430211,0.21458726304218417,0,0,0,0,0,0,7.18,1.39,6.82,1.17,6.55,1.94,jak1,charge_annihilation_set
1452,17,jmc_22,-0.4800004959106445,-0.2668897386870619,0.38338048623622123,0,0,0,0,0,0,-3.91,1.99,-0.86,1.59,1.42,1.42,jak1,charge_annihilation_set
1453,17,jmc_25,-0.5399999618530273,1.2229126832377308,0.385806883390073,0,0,0,0,0,0,5.65,2.06,2.03,1.09,7.67,1.53,jak1,charge_annihilation_set
1454,18charg,16charg,0.7600002288818359,0.6070745697896749,0.5888294579070824,0,0,0,0,0,0,-1.95,1.08,7.35,2.78,2.22,1.22,jak1,charge_annihilation_set
1455,18charg,jmc_34,-1.7699995040893557,-0.4182600382409178,0.767269744407749,0,0,0,0,0,0,5.33,1.39,-4.23,2.64,-6.35,2.41,jak1,charge_annihilation_set
1456,jmc_25,jmc_22,0.05999946594238279,-1.654716379859783,0.6864415325275491,0,0,0,0,0,0,-12.17,2.11,-7.49,1.29,-1.11,2.63,jak1,charge_annihilation_set
1457,jmc_25,jmc_34,-1.6599998474121094,-1.5168897386870617,0.4034149583052751,0,0,0,0,0,0,-6.49,1.84,-3.27,1.42,-9.28,1.53,jak1,charge_annihilation_set
1458,19b_charg,19a_charg,0.44000005722045893,3.9531548757170167,1.0865320131849912,0,0,0,0,0,0,13.4,3.12,26.5,3.7,9.72,2.23,jnk1,charge_annihilation_set
1459,6a,19a_charg,1.549999713897705,3.717335882727852,0.20049820505064064,0,0,0,0,0,0,16.47,1.14,15.74,1.22,14.45,1.17,jnk1,charge_annihilation_set
1460,6a,19b_charg,1.109999656677246,-0.5648502230720204,0.14329239342525588,0,0,0,0,0,0,-1.79,0.84,-2.78,1.1,-2.52,0.9,jnk1,charge_annihilation_set
1461,26charg,27,-1.7899994850158691,-8.538878266411727,0.6512589733860986,0,0,0,0,0,0,-41.68,2.27,-33.76,1.38,-31.74,1.93,ptp1b,charge_annihilation_set
1462,26charg,32,-4.089999675750732,-8.498247291268322,1.589322752879665,0,0,0,0,0,0,-48.92,4.03,-22.59,3.52,-35.16,4.91,ptp1b,charge_annihilation_set
1463,27,32,-2.3000001907348637,-1.1854684512428297,0.5685236894426772,0,0,0,0,0,0,-6.69,4.05,-2.35,4.66,-5.84,1.48,ptp1b,charge_annihilation_set
1464,10,2,1.5300002098083496,0.13862332695984703,0.18913086954333352,0,0,0,0,0,0,1.31,1.49,-0.14,1.36,0.57,0.81,thrombin,charge_annihilation_set
1465,11,10,-1.829999923706055,-3.2871255576800507,0.32795102701379714,0,0,0,0,0,0,-12.11,1.49,-13.72,2.39,-15.43,1.9,thrombin,charge_annihilation_set
1466,11,3,0.1800003051757812,-0.6405353728489483,0.2756161844877155,0,0,0,0,0,0,-0.56,0.71,-5.17,0.55,-2.31,0.6,thrombin,charge_annihilation_set
1467,11,jmb2009-4,-5.689999580383301,-6.942319949012109,0.8404282013272197,0,0,0,0,0,0,-35.96,3.19,-21.9,1.04,-29.28,1.29,thrombin,charge_annihilation_set
1468,1,10,-0.8699998855590821,-0.6062778840025492,0.268176897277302,0,0,0,0,0,0,-3.17,1.34,-0.68,1.53,-3.76,1.24,thrombin,charge_annihilation_set
1469,1,2,0.6600003242492677,2.0610261312938176,0.3221685144471609,0,0,0,0,0,0,8.95,0.74,5.91,1.0,11.01,1.15,thrombin,charge_annihilation_set
1470,1,jmb2009-4,-4.729999542236329,-6.736775015933715,1.3299133767629667,0,0,0,0,0,0,-30.38,2.08,-38.35,3.01,-15.83,1.66,thrombin,charge_annihilation_set
1471,3,2,-0.48000001907348633,1.8387507966857866,1.227290497335789,0,0,0,0,0,0,0.84,2.18,2.36,2.07,19.88,1.4,thrombin,charge_annihilation_set
1472,3,jmb2009-4,-5.869999885559082,-7.764499681325686,0.9538477029928852,0,0,0,0,0,0,-28.37,3.43,-27.45,1.01,-41.64,1.81,thrombin,charge_annihilation_set
1473,31,6,0.5200004577636719,1.2515933715742507,0.07880122209086843,-107.42,0.18,-107.14,0.19,-107.49,0.17,-101.51,0.29,-102.53,0.25,-102.3,0.31,bace1,scaffold_hopping_set
1474,31,7,0.6400003433227539,2.4657425111536067,0.14244182333355576,-74.4,0.26,-75.01,0.3,-74.19,0.26,-63.59,0.77,-64.48,0.95,-64.58,0.67,bace1,scaffold_hopping_set
1475,7,6,-0.11999988555908199,-1.7256214149139593,0.21643121896563244,-17.8,0.22,-17.62,0.27,-18.13,0.27,-27.01,0.67,-24.0,0.83,-24.2,0.79,bace1,scaffold_hopping_set
1476,4d,4c,-0.0699996948242187,0.49474187380497114,0.11474346729343489,-8.28,0.35,-8.25,0.33,-8.37,0.28,-5.72,0.41,-5.88,0.49,-7.09,0.47,factor_xa,scaffold_hopping_set
1477,Edoxaban,4c,0.8000001907348633,0.0940089228808135,0.3318442563907819,52.09,0.46,52.12,0.6,52.14,0.37,50.02,0.82,54.48,1.74,53.03,1.59,factor_xa,scaffold_hopping_set
1478,Edoxaban,4d,0.8699998855590821,-1.1273103887826612,0.36564607115468295,61.44,0.58,60.94,0.5,61.04,0.54,54.5,1.45,59.4,0.9,55.37,1.8,factor_xa,scaffold_hopping_set
